Year,State,Median Income,Number Employed,Number Unemployed,Number Poverty,Number Families in Poverty,Median Age,Population,Pop: White Only,Pop: Black Only,Pop: American Indian Only,Pop: Native Hawaiian Only,Pop: Two or More Races,Pop: Hispanic Origin,Median Home Value,Median Gross Rent,Commute Time: Public Transit,Commute Time: Solo Auto,Commute Time: Walking,Transit: Solo Auto,Transit: Public Transit,Transit: Walking,state,Unemployment Rate,Poverty Rate,Pop Rate: White Only,Pop Rate: Black Only,Pop Rate: American Indian Only,Pop Rate: Native Hawaiian Only,Pop Rate: Two or More Races,Pop Rate: Hispanic Origin,ICPSR State Code,Alphanumeric State Code,VEP Total Ballots Counted,VEP Highest Office,VAP Highest Office,Total Ballots Counted (Estimate),Highest Office,Voting-Eligible Population (VEP),Voting-Age Population (VAP)
2016,Florida,50860.0,9219488,585900,2973512,509616,42.1,20612439.0,15574165.0,3310428.0,559393.0,12540.0,570424.0,532751.0,197700.0,1086.0,194347110.0,9069980.0,1857240.0,7221118.0,187114.0,137204.0,12,0.05975286240585278,0.14425813461473433,0.7555711868935064,0.16060341039699377,0.027138612757083236,0.0006083705087010809,0.027673775044282728,0.025846092255263922,43,10,0.6559999999999999,0.645,0.569,9580489.0,9420039.0,14601066,16565588
2016,Georgia,53559.0,4735947,300529,1603013,296261,36.5,10310371.0,6054861.0,3254495.0,398897.0,6503.0,299220.0,258456.0,166800.0,933.0,103563580.0,5024295.0,969940.0,3714350.0,100028.0,72701.0,13,0.05967049182801626,0.15547578258823083,0.5872592751512046,0.3156525599321305,0.03868890847865707,0.0006307241514393614,0.029021264123279367,0.025067575162911207,44,11,0.598,0.591,0.526,4165405.0,4114732.0,6959963,7828207
2016,Hawaii,74511.0,686487,31796,129569,18826,38.9,1428557.0,357994.0,25898.0,543448.0,144568.0,12321.0,341679.0,592000.0,1483.0,,,,474495.0,47808.0,33401.0,15,0.044266674834292336,0.09069921606208223,0.25059833104314355,0.01812878310070932,0.38041744221616636,0.10119862210608327,0.008624787110349814,0.23917771569492852,82,12,0.4320000000000001,0.423,0.383,437664.0,428937.0,1012860,1120465
2016,Idaho,51807.0,762788,37503,237445,41274,36.1,1683140.0,1510119.0,11437.0,24406.0,2375.0,66137.0,42070.0,189400.0,790.0,,,,597208.0,4282.0,19709.0,16,0.04686170405514994,0.1410726380455577,0.8972034411873047,0.00679503784593082,0.01450027923999192,0.0014110531506588875,0.039293819884263934,0.024994949915039748,63,13,0.609,0.5920000000000001,0.55,710545.0,690255.0,1166706,1253925
2016,Illinois,60960.0,6231419,419099,1621508,293044,37.9,12801539.0,9123763.0,1813477.0,684783.0,4851.0,822784.0,321411.0,186500.0,950.0,121152655.0,28132450.0,2330045.0,4483475.0,573372.0,184968.0,17,0.06301749728367023,0.12666508300291082,0.7127082923389133,0.14166085812026194,0.053492240268923914,0.00037893881352859214,0.06427227226351456,0.025107215624621385,21,14,0.631,0.622,0.5670000000000001,5666118.0,5589631.0,8985443,9866799
2016,Indiana,52314.0,3165016,167215,906077,157720,37.6,6633053.0,5536418.0,617745.0,141451.0,3526.0,157755.0,158643.0,134800.0,768.0,60411200.0,1520755.0,752675.0,2586064.0,31443.0,66298.0,18,0.05018109488807949,0.13660029552002675,0.834671153690465,0.09313132278605342,0.021325172586439456,0.000531580254220794,0.02378316591168501,0.02391704091615128,22,15,0.579,0.564,0.54,2807676.0,2734958.0,4849937,5063393
2016,Iowa,56247.0,1613618,66229,356378,60129,38.0,3134693.0,2834162.0,111867.0,74805.0,3949.0,42129.0,57293.0,142300.0,741.0,24397280.0,516005.0,517780.0,1286536.0,17064.0,54449.0,19,0.03942561435654557,0.11368832609764337,0.9041274536294304,0.03568674827168083,0.023863580899309757,0.0012597724880873502,0.013439593606136231,0.0182770689187107,31,16,0.691,0.684,0.6509999999999999,1581371.0,1566031.0,2288536,2406915
2016,Kansas,54935.0,1426134,67003,342544,56464,36.5,2907289.0,2458966.0,166551.0,79741.0,2922.0,74123.0,103366.0,144900.0,789.0,22570685.0,288545.0,303710.0,1168600.0,7338.0,35041.0,20,0.044873980083542236,0.11782247998049042,0.845793452250533,0.0572873904176709,0.027427957798485118,0.0010050600404706929,0.025495573367491156,0.03555408492241397,32,17,0.597,0.5770000000000001,0.54,1225667.0,1184402.0,2054025,2192423
2016,Kentucky,46659.0,1954642,124677,794060,156782,38.7,4436974.0,3866333.0,366157.0,61311.0,2307.0,37591.0,92135.0,135600.0,707.0,36346775.0,897280.0,447850.0,1582234.0,20925.0,41353.0,21,0.05996049668184632,0.17896431216410102,0.8713896002095122,0.08252403552511238,0.013818201323694932,0.0005199489562030339,0.008472215523462612,0.020765278318060913,51,18,0.596,0.586,0.561,1955195.0,1924149.0,3282420,3430652
2016,Louisiana,45146.0,2020951,151211,918187,168708,36.5,4681666.0,2901495.0,1514755.0,77921.0,1030.0,68208.0,92749.0,158000.0,808.0,40804925.0,1085130.0,342310.0,1657170.0,25489.0,33167.0,22,0.06961313198555172,0.19612398663210917,0.6197569412256235,0.3235504198719003,0.016643861394640285,0.00022000715130041315,0.014569172597959786,0.019811109976662154,45,19,0.606,0.6,0.568,2049531.0,2029032.0,3384435,3571652
2016,Maine,53079.0,658476,30560,161749,25210,44.5,1331479.0,1257120.0,19963.0,17499.0,214.0,2450.0,26340.0,184700.0,797.0,12223700.0,177660.0,272345.0,511012.0,4232.0,25820.0,23,0.0443518190631549,0.12148069928252718,0.9441530808972579,0.014993101656128261,0.013142527970775355,0.00016072352624412403,0.0018400590621406722,0.019782512529300123,2,20,0.7290000000000001,0.7070000000000001,0.6940000000000001,771892.0,747927.0,1058372,1078037
2016,Maryland,78945.0,3073923,175235,567715,92359,38.5,6016447.0,3397255.0,1793593.0,376518.0,2480.0,230326.0,201041.0,306900.0,1314.0,69698735.0,14197355.0,983630.0,2247708.0,258950.0,74847.0,24,0.0539324341875649,0.0943605087853346,0.5646613358349205,0.29811498381021223,0.06258145380487853,0.00041220341507205164,0.03828272733059894,0.033415236600604976,52,21,0.67,0.664,0.595,2807322.0,2781446.0,4189616,4670900
2016,Massachusetts,75297.0,3571010,198840,686597,119222,39.5,6811779.0,5350175.0,506677.0,440845.0,3758.0,285412.0,212365.0,366900.0,1179.0,69365555.0,16939385.0,2362635.0,2457107.0,354611.0,168580.0,25,0.05274480416992718,0.10079554841694072,0.785429914857778,0.07438247776388518,0.06471804208562844,0.0005516914157079964,0.04189977390634664,0.03117614355956058,3,22,0.6829999999999999,0.672,0.611,3378801.0,3325046.0,4948028,5442458
2016,Michigan,52492.0,4586513,304288,1451936,251751,39.7,9928300.0,7793481.0,1363336.0,292514.0,2967.0,118621.0,306220.0,147100.0,818.0,90024560.0,2803890.0,1064095.0,3700498.0,64250.0,94131.0,26,0.062216393592787765,0.14624215626038697,0.7849763806492551,0.13731817128813595,0.029462647180282627,0.0002988427021745918,0.011947765478480707,0.030843145352175097,23,23,0.657,0.647,0.62,4874619.0,4799284.0,7420628,7744567
2016,Minnesota,65599.0,2921646,116518,533276,80100,37.9,5519952.0,4596566.0,331308.0,258899.0,1452.0,111852.0,156646.0,211800.0,912.0,51259850.0,3942365.0,805975.0,2232605.0,103966.0,75145.0,27,0.0383514517320329,0.09660881109111094,0.8327184729142573,0.060020087131192446,0.04690240060058493,0.0002630457656153532,0.02026321968017113,0.028378145317205658,33,24,0.747,0.741,0.6940000000000001,2968281.0,2944813.0,3973204,4240423
2016,Missouri,51746.0,2892864,149445,826954,149358,38.4,6093000.0,5011507.0,702946.0,117335.0,9193.0,71031.0,150100.0,151400.0,771.0,54591120.0,2035710.0,517100.0,2340513.0,41004.0,52536.0,29,0.04912222920157026,0.13572197603807648,0.8225023797800755,0.11536944034137535,0.019257344493681272,0.0015087805678647627,0.01165780403741999,0.02463482685048416,34,26,0.622,0.622,0.596,2811549.0,2808605.0,4517925,4710784
2016,Montana,50027.0,503850,25373,135638,20634,40.1,1042520.0,927374.0,3949.0,8432.0,578.0,3738.0,32218.0,217200.0,741.0,6464160.0,114565.0,266515.0,377028.0,3352.0,28169.0,30,0.0479438724318482,0.13010589724897365,0.8895503203775467,0.0037879369220734376,0.00808809423320416,0.0005544258143728658,0.00358554272340099,0.03090396347312282,64,27,0.643,0.618,0.608,516901.0,497147.0,804250,817702
2016,Nebraska,56927.0,987794,37751,211453,35279,36.3,1907116.0,1674863.0,89879.0,41548.0,1227.0,38348.0,45386.0,148100.0,769.0,,,,799206.0,5806.0,23977.0,31,0.03681067139910974,0.1108757936066815,0.8782176857621665,0.04712822922150514,0.021785774960726038,0.0006433798468472814,0.020107848709779583,0.023798237757954945,35,28,0.64,0.628,0.588,860573.0,844227.0,1343821,1436437
2016,Nevada,55180.0,1375164,98389,399420,68432,37.9,2940058.0,1966690.0,260993.0,244373.0,20240.0,274293.0,139202.0,239500.0,1003.0,24150095.0,2647435.0,316265.0,1068116.0,46044.0,22751.0,32,0.066769909192272,0.1358544627350889,0.6689289803126333,0.0887713779796181,0.08311842827590477,0.00688421793039457,0.0932950982599663,0.0473466849973708,65,29,0.574,0.574,0.494,1125429.0,1125385.0,1961587,2276281
2016,New Hampshire,70936.0,719923,26942,94289,13796,42.7,1334795.0,1247155.0,16671.0,32679.0,66.0,8057.0,28717.0,251100.0,1026.0,15047490.0,364140.0,191670.0,562580.0,6346.0,22011.0,33,0.03607345370314582,0.07063931165459865,0.9343419776070483,0.012489558321689848,0.02448241115676939,4.944579504717953e-05,0.0060361328893200825,0.02151416509651295,4,30,0.725,0.7140000000000001,0.691,755850.0,744296.0,1042795,1076739
2016,New Jersey,76126.0,4410393,282998,915913,166157,39.5,8944469.0,6090908.0,1194585.0,854181.0,3754.0,543530.0,237326.0,328200.0,1244.0,86761960.0,30213195.0,1548695.0,3063948.0,509502.0,123553.0,34,0.0602971284514757,0.10239993005733487,0.6809692112522275,0.13355572030044488,0.09549823471913202,0.0004197007111322092,0.06076716236592692,0.026533268772019895,12,31,0.6579999999999999,0.644,0.557,3957303.0,3874046.0,6013656,6959892
2016,New Mexico,46748.0,880676,71339,404463,73619,37.7,2081015.0,1539634.0,41043.0,32346.0,1428.0,206526.0,65905.0,167500.0,804.0,15102420.0,465595.0,234775.0,702110.0,12460.0,19839.0,35,0.07493474367525722,0.1943585221634635,0.7398476224342448,0.019722587295142036,0.015543376669557884,0.0006862036073742861,0.09924291751861472,0.031669641977592665,66,32,0.5489999999999999,0.545,0.502,804043.0,798319.0,1464515,1591069
2016,New York,62909.0,9503468,599965,2832824,495440,38.4,19745289.0,12530463.0,3080534.0,1668036.0,9236.0,1767107.0,616861.0,302400.0,1194.0,130053920.0,134784335.0,8345430.0,4888039.0,2636851.0,577983.0,36,0.05938229114796921,0.14346834832349123,0.6346051962065483,0.15601361924862178,0.08447766958488175,0.0004677571445016581,0.08949511957004022,0.031240920302559257,13,33,0.5720000000000001,0.568,0.496,7786881.0,7721453.0,13604645,15557982
2016,North Carolina,50584.0,4646249,309063,1521880,285717,38.7,10146788.0,6989065.0,2182212.0,275428.0,6081.0,304293.0,268866.0,165400.0,839.0,90850405.0,2070305.0,824715.0,3763121.0,47899.0,79649.0,37,0.06237003845570168,0.1499863799263373,0.6887958041500424,0.21506431394841402,0.027144353464367246,0.000599302951830668,0.029989096056801424,0.02649764634877559,47,34,0.649,0.645,0.602,4769640.0,4741564.0,7352501,7880013
2016,North Dakota,60656.0,407369,11782,78464,11802,35.0,757953.0,660919.0,19250.0,9200.0,233.0,5114.0,21588.0,184100.0,776.0,5561975.0,60500.0,92920.0,325505.0,2140.0,11933.0,38,0.028109201695808907,0.10352093071733999,0.8719788694021925,0.025397353134033376,0.01213795578353803,0.0003074069236483001,0.006747120204023204,0.028481977114675976,36,35,0.617,0.608,0.593,349945.0,344360.0,566783,581188
2016,Ohio,52334.0,5543802,332095,1645382,306876,39.3,11614373.0,9476221.0,1443510.0,239025.0,4031.0,109073.0,324432.0,140100.0,759.0,104664535.0,3724240.0,1431270.0,4515268.0,86890.0,127034.0,39,0.056518179266927246,0.14166774220183906,0.8159046553782973,0.12428651981471578,0.0205801036353835,0.00034706996236473546,0.009391208634336094,0.02793366460677645,24,36,0.642,0.629,0.61,5607641.0,5496487.0,8736808,9007953
2016,Oregon,57532.0,1940682,117641,536146,84674,39.2,4093465.0,3455810.0,79575.0,169459.0,14823.0,120779.0,207593.0,287100.0,1015.0,31284905.0,3806170.0,931735.0,1374404.0,82729.0,68682.0,41,0.05715380919321214,0.13097608016680246,0.8442261018477012,0.019439521285756687,0.04139744690622736,0.0036211375937011798,0.029505321286489562,0.05071327103077711,72,38,0.68,0.662,0.617,2056310.0,2001336.0,3024174,3244277
2016,Rhode Island,60596.0,521879,33014,129932,22777,40.2,1056426.0,850105.0,67526.0,36875.0,1437.0,62292.0,32887.0,247700.0,948.0,10128635.0,697410.0,180840.0,409729.0,12473.0,18445.0,44,0.05949615511458966,0.12299205055536308,0.8046990513296719,0.0639192901348509,0.03490542640942196,0.0013602467186532706,0.058964849407341355,0.031130434124112812,5,40,0.597,0.591,0.547,469589.0,464144.0,786012,848975
2016,South Carolina,49501.0,2229274,149213,735960,132464,39.1,4961119.0,3342552.0,1337644.0,76870.0,2561.0,77386.0,108096.0,153900.0,841.0,45352775.0,419055.0,388445.0,1829675.0,12255.0,46566.0,45,0.06273441898147857,0.14834556478084884,0.6737496117307405,0.26962546151382377,0.015494488239447593,0.0005162141847434016,0.0155984970326251,0.02178863276611587,48,41,0.573,0.5670000000000001,0.542,2123584.0,2103027.0,3709283,3883145
2016,South Dakota,54467.0,437627,17838,110962,17311,36.8,865454.0,732939.0,14524.0,12953.0,218.0,5894.0,21548.0,160700.0,706.0,,,,343633.0,2108.0,16482.0,46,0.03916437047852195,0.1282124757641654,0.846883832069642,0.016781943349964298,0.014966711113473391,0.0002518909150572994,0.006810298409851939,0.02489791485162701,37,42,0.6,0.586,0.5660000000000001,378995.0,370093.0,631173,653841
2016,Tennessee,48547.0,3024597,176743,1023177,193414,38.6,6651194.0,5177478.0,1114434.0,116375.0,4798.0,79206.0,139850.0,157700.0,806.0,61916290.0,822790.0,433280.0,2489612.0,20698.0,39448.0,47,0.05520906870248084,0.15383358236130235,0.7784283543676519,0.16755397602295166,0.017496858458797022,0.0007213742374677388,0.011908538527067471,0.021026299939529654,54,43,0.518,0.511,0.486,2545271.0,2508027.0,4909426,5164969
2016,Texas,56565.0,12927456,760247,4261337,795202,34.5,27862596.0,20702709.0,3362283.0,1300300.0,25228.0,1622087.0,714714.0,161500.0,956.0,268136535.0,9025015.0,2238475.0,10294898.0,183385.0,201154.0,48,0.055542336066175604,0.15294113297985587,0.7430287185013198,0.12067371611747879,0.046668300398139496,0.0009054432688181675,0.05821736782889864,0.025651378643971295,49,44,0.514,0.514,0.434,8975000.0,8969226.0,17448910,20671564
2016,Utah,65977.0,1453401,61917,306902,51170,30.7,3051217.0,2633283.0,32800.0,70150.0,29463.0,164775.0,89044.0,250300.0,954.0,22509730.0,1690220.0,552135.0,1088520.0,39200.0,39435.0,49,0.040860730222963104,0.10058347210309854,0.8630271134435866,0.010749809010634118,0.022990826283414128,0.009656147039033933,0.054003042064854775,0.02918310955923489,67,45,0.579,0.568,0.528,1152369.0,1131430.0,1991885,2144784
2016,Vermont,57677.0,324824,13267,71329,11826,43.1,624594.0,589379.0,7893.0,9406.0,252.0,3163.0,12324.0,223700.0,925.0,5634125.0,157355.0,220270.0,240282.0,4914.0,18885.0,50,0.039240914428363964,0.114200584699821,0.943619375146095,0.01263700900104708,0.015059382574920668,0.0004034620889729969,0.005064089632625353,0.019731217398822276,6,46,0.648,0.637,0.623,320467.0,315067.0,494871,506048
2016,Washington,67106.0,3496141,200134,805691,127482,37.7,7288000.0,5516602.0,266977.0,597215.0,48182.0,350251.0,414136.0,306400.0,1135.0,64974980.0,10694060.0,1846140.0,2492872.0,220132.0,129410.0,53,0.054144780894278696,0.11055035675082327,0.7569431942919869,0.03663240944017563,0.08194497804610318,0.006611141602634468,0.04805858946212953,0.05682436882546652,73,48,0.657,0.647,0.583,3363440.0,3317019.0,5123020,5691833
2016,Wyoming,59882.0,287583,17000,64663,9154,37.2,585501.0,538819.0,5970.0,6012.0,420.0,5782.0,15304.0,209500.0,840.0,,,,221126.0,4322.0,13105.0,56,0.05581401457074098,0.11044046039204032,0.9202699909991614,0.01019639590709495,0.010268129345637325,0.0007173343854237653,0.009875303372667168,0.026138298653631677,68,51,0.602,0.595,0.573,258788.0,255849.0,429682,446396
2016,Alabama,46257.0,2078325,140963,810231,153533,39.0,4863300.0,3316384.0,1301102.0,65611.0,1503.0,70333.0,83858.0,136200.0,743.0,43185195.0,289850.0,276090.0,1768180.0,6334.0,23875.0,01,0.06351721813482522,0.1666010733452594,0.6819205066518619,0.26753480147225134,0.013491045175086876,0.0003090494108938375,0.014461990829272305,0.01724302428392244,41,1,0.591,0.588,0.563,2134061.0,2123372.0,3609447,3770142
2016,Alaska,76440.0,357098,30964,71566,11031,33.5,741894.0,477895.0,23753.0,45580.0,9937.0,12712.0,63961.0,267800.0,1208.0,,,,250492.0,4381.0,27628.0,02,0.07979137354340286,0.09646391533022237,0.6441553645129897,0.03201670319479602,0.06143734819259894,0.013394096730799818,0.017134523260735363,0.08621312478602064,81,2,0.615,0.61,0.574,321271.0,318608.0,522679,555367
2016,Arizona,53558.0,3031781,210851,1107464,196536,37.5,6931071.0,5254944.0,299674.0,220438.0,14140.0,585948.0,249680.0,205900.0,976.0,56179550.0,2824660.0,672880.0,2289515.0,55372.0,54823.0,04,0.06502464664507104,0.15978252134482535,0.7581720054519713,0.04323631946635664,0.03180431999614489,0.0020400887539602465,0.08453931578539593,0.03602329279270116,61,3,0.561,0.5489999999999999,0.489,2661497.0,2604657.0,4740310,5331034
2016,Arkansas,44334.0,1282676,69030,499225,92514,38.0,2988248.0,2290066.0,464516.0,41781.0,8808.0,86797.0,77421.0,123300.0,701.0,,,,1050898.0,4247.0,25456.0,05,0.05106879750478285,0.1670627739063157,0.7663574107637653,0.15544760675820748,0.013981771258610396,0.002947546522243134,0.02904611665430714,0.025908492200111904,42,4,0.532,0.528,0.494,1137772.0,1130635.0,2140097,2286625
2016,California,67739.0,18343258,1277331,5525524,929253,36.4,39250017.0,23420234.0,2265280.0,5602074.0,150521.0,5642125.0,1879650.0,477500.0,1375.0,370438555.0,46819920.0,6410790.0,13186177.0,910353.0,481638.0,06,0.06510156244544953,0.14077762055491594,0.5966936014320707,0.05771411513019217,0.14272793818152996,0.0038349282753176897,0.14374834538288225,0.04788915123272431,71,5,0.5820000000000001,0.565,0.47,14610509.0,14181595.0,25104844,30201571
2016,Colorado,65685.0,2827340,140434,598736,94425,36.7,5540545.0,4654921.0,234142.0,175951.0,8325.0,228102.0,184361.0,314200.0,1171.0,51570915.0,3545785.0,1003275.0,2107958.0,81991.0,84470.0,08,0.04731964091605358,0.10806445936275222,0.8401557969477732,0.04225974159581774,0.03175698419559809,0.0015025597662323832,0.04116959613178848,0.03327488541289711,62,6,0.7190000000000001,0.7,0.6459999999999999,2859216.0,2780247.0,3974405,4305728
2016,Connecticut,73433.0,1811769,123884,339128,60300,40.9,3576452.0,2741892.0,378932.0,161950.0,1259.0,171008.0,111524.0,274600.0,1115.0,34413220.0,5275605.0,558555.0,1387240.0,88162.0,48896.0,09,0.0640011407003218,0.09482246651150358,0.7666514187804002,0.1059519322501742,0.04528230771725721,0.00035202485591865907,0.047814985354200194,0.03118285943722997,1,7,0.649,0.637,0.583,1675955.0,1644920.0,2582761,2821935
2016,Delaware,61757.0,444321,26678,108211,18768,40.6,952065.0,659091.0,209911.0,35646.0,2053.0,15595.0,25714.0,243400.0,1048.0,9095060.0,565705.0,87115.0,355814.0,11758.0,8167.0,10,0.05664130921721702,0.11365925645833005,0.6922752123016811,0.22047969413853047,0.037440720959178206,0.002156365374212895,0.01638018412608383,0.027008660122995805,11,8,0.644,0.642,0.5920000000000001,445228.0,443814.0,691720,749872
2016,District of Columbia,75506.0,364797,27119,120308,16834,33.9,681170.0,277268.0,320554.0,26436.0,41.0,37132.0,17735.0,576100.0,1376.0,3417505.0,5155135.0,856220.0,119642.0,130451.0,49514.0,11,0.06919595015258372,0.17661963973751046,0.4070466990619082,0.4705932439772744,0.03880969508345934,6.0190554487132436e-05,0.054512089493078085,0.02603608497144619,55,9,0.607,0.604,0.5539999999999999,312575.0,311268.0,515248,562329
2014,Alabama,42830.0,2030482,190233,910175,184841,38.6,4849377.0,3320273.0,1291826.0,58456.0,1446.0,69859.0,84964.0,125600.0,717.0,,,,1724178.0,8276.0,22961.0,01,0.08566295089644552,0.18768905779030998,0.6846803207917224,0.26639009505757133,0.01205433192758575,0.0002981826325319727,0.014405767998652197,0.017520601099893864,41,1,0.332,0.329,0.315,1191274.0,1180413.0,3588783,3751844
2014,Alaska,71583.0,352531,29164,80627,12999,33.3,736732.0,483584.0,24790.0,43915.0,8395.0,9967.0,62808.0,254500.0,1183.0,4411345.0,121210.0,202725.0,249481.0,4703.0,28730.0,02,0.07640655497190164,0.10943871041301315,0.6563906549464391,0.0336485994907239,0.059607835685160954,0.01139491701188492,0.013528664426141392,0.08525216768105634,81,2,0.5479999999999999,0.542,0.51,285431.0,282382.0,520562,553473
2014,Arizona,50068.0,2866629,247005,1199061,209001,36.9,6731484.0,5273335.0,280518.0,212116.0,12721.0,433934.0,224103.0,176700.0,916.0,51903560.0,2626860.0,654585.0,2178267.0,57615.0,56505.0,04,0.07933013321411572,0.17812728961399893,0.7833837234107665,0.04167253461495266,0.03151103085144375,0.0018897764593958776,0.06446334864645002,0.0332917674616771,61,3,0.341,0.334,0.295,1537671.0,1506416.0,4510186,5110890
2014,Arkansas,41262.0,1269092,91977,543882,104138,37.8,2966369.0,2322472.0,468231.0,36555.0,7148.0,50385.0,64487.0,112500.0,683.0,,,,1031366.0,4072.0,22173.0,05,0.06757702952605636,0.18334940797992427,0.7829342876762804,0.15784651201519434,0.012323146580887274,0.00240967998249712,0.01698541213180154,0.021739372276341883,42,4,0.403,0.401,0.375,852642.0,848592.0,2117881,2263040
2014,California,61933.0,17638152,1638567,6259098,1067419,36.0,38802500.0,23814044.0,2259681.0,5398090.0,150072.0,5114193.0,1779789.0,412700.0,1268.0,338006435.0,45766310.0,6096775.0,12679198.0,914442.0,467779.0,06,0.08500238033246219,0.16130656529862766,0.6137244765156884,0.0582354487468591,0.1391170671992784,0.0038675858514270987,0.13180060563108048,0.04586789510985117,71,5,0.307,0.299,0.247,7513972.0,7317581.0,24440416,29646675
2014,Colorado,61303.0,2699282,155638,630786,105560,36.3,5355866.0,4520381.0,215446.0,157958.0,6679.0,215290.0,184328.0,255200.0,1020.0,49410970.0,4075530.0,794680.0,2027739.0,88355.0,71357.0,08,0.05451571322488896,0.11777479122890677,0.8440056192593317,0.04022617444125749,0.02949252277782902,0.0012470438954223276,0.04019704749894788,0.03441609629516496,62,6,0.547,0.537,0.494,2080071.0,2041020.0,3800664,4128890
2014,Connecticut,70048.0,1798758,154069,374772,66949,40.5,3596677.0,2763949.0,371857.0,151402.0,1019.0,197532.0,103833.0,267200.0,1076.0,33021155.0,4954300.0,640880.0,1379348.0,84731.0,55459.0,09,0.07889536553929252,0.10419951527479393,0.7684729543409097,0.10338904494342972,0.042094967104357714,0.0002833170729537292,0.05492069485249857,0.02886914782728613,1,7,0.425,0.423,0.385,1096556.0,1089880.0,2577311,2828791
2014,Delaware,59716.0,441144,31847,113508,19733,39.6,935614.0,647533.0,203326.0,36172.0,216.0,20966.0,24117.0,230500.0,1024.0,8524915.0,599665.0,114590.0,354350.0,12635.0,9709.0,10,0.0673310908664224,0.12131926200334753,0.6920941755895059,0.21731825304024951,0.0386612427774702,0.0002308644376847717,0.022408813891198722,0.025776655757609443,11,8,0.349,0.343,0.318,238110.0,234038.0,681526,735156
2014,District of Columbia,71648.0,345592,33594,110666,16707,33.8,658893.0,265077.0,321346.0,24910.0,172.0,28798.0,16731.0,486900.0,1360.0,3354050.0,4504860.0,731270.0,120528.0,123707.0,44965.0,11,0.08859504306593598,0.16795746805627013,0.40230659606339725,0.4877058945837943,0.037805834938298026,0.0002610439024242176,0.04370664129077104,0.025392590299183632,55,9,0.35700000000000004,0.353,0.32,177176.0,175071.0,495899,547228
2014,Florida,47463.0,8738970,764681,3211615,563761,41.6,19893297.0,15113860.0,3221160.0,524583.0,15149.0,489726.0,475805.0,162700.0,1003.0,177438805.0,8941980.0,1429185.0,6886539.0,179401.0,124298.0,12,0.08046181409649829,0.161442067647208,0.759746360796805,0.16192187750476958,0.02636983703606295,0.0007615127849345436,0.024617638795620456,0.023917855345948938,43,10,0.433,0.428,0.376,6026802.0,5951561.0,13914216,15816663
2014,Georgia,49321.0,4466307,403398,1797969,342664,36.1,10097343.0,6043917.0,3163620.0,371688.0,6638.0,282876.0,203303.0,147900.0,882.0,94907115.0,4959885.0,809960.0,3518258.0,93277.0,68722.0,13,0.08283828281179251,0.17806357573472545,0.5985650878651938,0.3133121257740774,0.03681047578556062,0.0006574006647095182,0.0280148946113844,0.02013430661907791,44,11,0.386,0.382,0.338,2596947.0,2567761.0,6725041,7601982
2014,Hawaii,69592.0,664180,37885,156729,24533,38.1,1419561.0,360711.0,30729.0,534189.0,147612.0,13830.0,330299.0,528000.0,1448.0,,,,454798.0,49272.0,31941.0,15,0.05396223996353614,0.1104066679769309,0.2541003873732795,0.021646833070223824,0.3763057734045948,0.10398425992260987,0.009742448545712372,0.2326768627765908,82,12,0.365,0.362,0.329,369554.0,366125.0,1012123,1113693
2014,Idaho,47861.0,726768,42569,237981,41633,35.9,1634464.0,1498107.0,11354.0,24009.0,1984.0,36664.0,40796.0,165300.0,755.0,,,,563872.0,5741.0,15498.0,16,0.055332058642701444,0.14560186091587213,0.9165738737592263,0.006946619809307516,0.014689219218043347,0.0012138535935939856,0.022431818626779176,0.024959864518276326,63,13,0.398,0.393,0.365,445307.0,439830.0,1119882,1205611
2014,Illinois,57444.0,6143429,538437,1804535,325482,37.5,12880580.0,9290445.0,1837715.0,663454.0,5825.0,763579.0,291567.0,171900.0,905.0,118638920.0,27646535.0,2270860.0,4438464.0,568138.0,186414.0,17,0.08058183148240326,0.14009734033715873,0.7212753618237688,0.14267331129498828,0.05150808426328628,0.00045223118834710857,0.05928141434624838,0.022636170110352172,21,14,0.408,0.402,0.366,3680417.0,3627690.0,9028752,9922399
2014,Indiana,49446.0,3087270,234575,974218,180534,37.4,6596855.0,5547390.0,612890.0,130250.0,3216.0,143931.0,146115.0,124300.0,753.0,57863225.0,1568885.0,647855.0,2520928.0,32567.0,60227.0,18,0.070615877622225,0.14767915923572672,0.8409143447900552,0.09290639251582762,0.019744256922427428,0.00048750503080634635,0.021818123939362014,0.02214919078864095,22,15,0.287,0.278,0.267,1387622.0,1341814.0,4829510,5033872
2014,Iowa,53712.0,1593590,73662,367816,63382,38.2,3107126.0,2837758.0,97874.0,68419.0,2576.0,30497.0,60385.0,133100.0,711.0,,,,1264875.0,16335.0,52660.0,19,0.04418168339279245,0.11837820545417212,0.9133063802369135,0.03149984905665235,0.022020027510953853,0.0008290619691637867,0.009815179686951865,0.01943435831054164,31,16,0.503,0.498,0.473,1142284.0,1129700.0,2269179,2386733
2014,Kansas,52504.0,1397854,76742,382712,66858,36.2,2904021.0,2466138.0,171976.0,76245.0,2471.0,63129.0,99562.0,132100.0,773.0,,,,1140610.0,6746.0,34196.0,20,0.052042728991533956,0.1317869257832502,0.8492149333630852,0.059219957431437306,0.026254975428896692,0.0008508891636802902,0.021738479163890344,0.034284187338865665,32,17,0.433,0.425,0.398,887023.0,869502.0,2048164,2184712
2014,Kentucky,42958.0,1909704,158108,817542,162705,38.5,4413457.0,3858261.0,350141.0,54542.0,2650.0,43094.0,94243.0,123800.0,678.0,,,,1538152.0,21516.0,45495.0,21,0.07646149649968179,0.18523846499467425,0.8742038270679877,0.07933486153824541,0.012358112925989763,0.0006004363472896643,0.009764227905698412,0.02135355572740371,51,18,0.449,0.442,0.422,1459409.0,1435868.0,3247300,3406506
2014,Louisiana,44555.0,2018024,162602,896524,165518,36.1,4649676.0,2919142.0,1502184.0,78675.0,2816.0,42238.0,78612.0,143600.0,801.0,,,,1634035.0,28810.0,36868.0,22,0.07456666113308748,0.1928142950175453,0.6278162177321602,0.32307283346194443,0.01692053381784021,0.0006056335968355644,0.009084073815035714,0.016906984486661007,45,19,0.449,0.439,0.415,1503975.0,1472039.0,3349433,3545845
2014,Maine,49462.0,653189,40659,182791,33340,44.1,1330089.0,1260278.0,16557.0,14447.0,36.0,2947.0,27502.0,174800.0,776.0,11737450.0,184945.0,238470.0,493656.0,5210.0,25193.0,23,0.05859928975798734,0.13742764581918954,0.9475140385342635,0.012448039191362382,0.010861679180866845,2.7065857998976008e-05,0.0022156412089717305,0.02067681185243995,2,20,0.5870000000000001,0.581,0.57,616996.0,611255.0,1051557,1071521
2014,Maryland,73971.0,2994301,231268,589818,102102,38.3,5976407.0,3432582.0,1774618.0,369996.0,2086.0,209461.0,173007.0,288500.0,1242.0,65752880.0,14631680.0,870360.0,2187057.0,267211.0,69084.0,24,0.07169835771611148,0.0986910697347085,0.5743554614001356,0.2969372735156759,0.06190943822935754,0.00034903914676493754,0.03504798116995713,0.02894832965693267,52,21,0.42,0.417,0.373,1745104.0,1733177.0,4154546,4645171
2014,Massachusetts,69160.0,3470655,249791,757235,133552,39.4,6745408.0,5347420.0,477527.0,413079.0,1329.0,279928.0,210526.0,338900.0,1107.0,66468140.0,15424170.0,2228920.0,2418818.0,332765.0,165363.0,25,0.06714006869068924,0.1122593325711358,0.7927496750381889,0.07079290088901961,0.06123854924713227,0.00019702292285359165,0.04149904646242303,0.03121026926762621,3,22,0.447,0.441,0.402,2186789.0,2158326.0,4896296,5369534
2014,Michigan,49847.0,4448034,400797,1568844,284381,39.6,9909877.0,7816586.0,1375194.0,281404.0,2260.0,121859.0,256845.0,125700.0,788.0,86508465.0,2972965.0,1100985.0,3585455.0,66746.0,97167.0,26,0.08265847995114699,0.15831114755511091,0.7887672066969146,0.13877003720631448,0.028396316119766167,0.00022805530280547377,0.012296721745385942,0.025918081526138014,23,23,0.4320000000000001,0.4270000000000001,0.41,3188956.0,3156531.0,7383958,7700110
2014,Minnesota,61481.0,2864517,141188,611354,102173,37.8,5457173.0,4606959.0,312432.0,250352.0,2392.0,85069.0,143035.0,188300.0,859.0,49728260.0,4095370.0,806060.0,2184366.0,102754.0,81889.0,27,0.04697333903360443,0.11202760110408815,0.8442024835936116,0.05725162093999952,0.04587576754484419,0.00043832218623085614,0.015588474105548788,0.02621045731920172,33,24,0.506,0.504,0.472,1992613.0,1981511.0,3935121,4194166
2014,Missouri,48363.0,2805646,204211,908628,161317,38.5,6063589.0,4990271.0,711601.0,107426.0,3763.0,73680.0,150461.0,138500.0,754.0,51138545.0,1945865.0,693595.0,2264508.0,43256.0,57578.0,29,0.067847409361973,0.1498498661436321,0.82298965183821,0.11735640393832761,0.017716570169910923,0.0006205895551298084,0.012151219352103185,0.024813851994256206,34,26,0.336,0.317,0.305,1509025.0,1426303.0,4493722,4682458
2014,Montana,46328.0,494622,25696,153954,23975,39.6,1023579.0,914571.0,5812.0,8176.0,276.0,2856.0,21853.0,196800.0,711.0,,,,364793.0,5243.0,22471.0,30,0.049385183676136514,0.15040754060018816,0.8935030906261265,0.005678115709681421,0.007987658988705317,0.0002696421087185259,0.0027902096467395288,0.021349597832702703,64,27,0.475,0.469,0.461,373831.0,369826.0,787748,802644
2014,Nebraska,52686.0,981449,42752,227310,41864,36.2,1881503.0,1660976.0,88620.0,38892.0,1056.0,30095.0,43905.0,133800.0,742.0,14378055.0,263585.0,230925.0,791009.0,6375.0,27652.0,31,0.04174180653992722,0.12081298833964123,0.8827921082241166,0.04710064241194407,0.020670708470834222,0.0005612534234598616,0.01599519107862172,0.023335067762315552,35,28,0.414,0.405,0.38,552115.0,539891.0,1334453,1419489
2014,Nevada,51450.0,1298821,127154,426730,70535,37.4,2839099.0,1931264.0,242994.0,221841.0,18553.0,268796.0,125148.0,192100.0,955.0,21830060.0,3034335.0,376445.0,992409.0,54406.0,26530.0,32,0.08916986623187644,0.15030472695739036,0.6802383432208599,0.08558842083351091,0.07813781766680204,0.006534819673424562,0.09467651533109624,0.04408018177597893,65,29,0.29600000000000004,0.293,0.252,552546.0,547349.0,1867644,2173640
2014,New Hampshire,66532.0,704847,37863,117983,20869,42.5,1326813.0,1239410.0,17009.0,33974.0,437.0,6252.0,27392.0,236400.0,994.0,14976540.0,320345.0,190780.0,558119.0,5109.0,17754.0,33,0.05097952094357151,0.08892210130591123,0.9341256077533157,0.012819440267769459,0.02560571836423068,0.0003293606559477485,0.004712043068616301,0.02064495901080258,4,30,0.483,0.476,0.46,495565.0,488159.0,1025862,1061054
2014,New Jersey,71919.0,4369952,355865,972903,183122,39.4,8938175.0,6053656.0,1212054.0,827493.0,2595.0,621199.0,205908.0,313200.0,1202.0,86244550.0,27528905.0,1623815.0,3071511.0,470791.0,133018.0,34,0.07530232338662289,0.10884805902770979,0.6772809885686956,0.13560419213094396,0.09257963734207486,0.00029032772350060274,0.06949953430090594,0.023036917491546093,12,31,0.325,0.311,0.27,1955042.0,1869535.0,6014127,6936661
2014,New York,58878.0,9354155,731222,3062938,564577,38.2,19746227.0,12634312.0,3093476.0,1613255.0,4574.0,1746680.0,572418.0,279100.0,1148.0,126280350.0,130092035.0,8339140.0,4869602.0,2593733.0,576752.0,36,0.07250318951884496,0.15511510122921204,0.639834232635936,0.15666162452199095,0.08169940515724852,0.00023163918859030639,0.08845639220089994,0.02898872782126935,13,33,0.29,0.282,0.246,3930310.0,3819010.0,13553426,15544111
2014,North Carolina,46556.0,4444989,404407,1668686,319298,38.3,9943964.0,6869207.0,2154387.0,246721.0,5768.0,322251.0,234354.0,155000.0,803.0,84711590.0,2102530.0,836275.0,3605043.0,50467.0,79919.0,37,0.08339327206934637,0.16780893414336576,0.6907916199213915,0.21665273526734408,0.024811131657355157,0.0005800503702547596,0.032406694151346484,0.023567462633613718,47,34,0.412,0.408,0.379,2939767.0,2915281.0,7143737,7693406
2014,North Dakota,59029.0,391644,12130,82264,13823,35.1,739482.0,654375.0,14910.0,8899.0,173.0,4680.0,16776.0,161800.0,728.0,,,,315753.0,2588.0,13553.0,38,0.030041557901202158,0.11124543937513016,0.8849099775248079,0.02016276258245637,0.012034099545357425,0.0002339475470667305,0.006328754452441033,0.02268615057567324,36,35,0.45,0.438,0.4270000000000001,255128.0,248670.0,567221,582205
2014,Ohio,49308.0,5437533,420481,1785780,339770,39.4,11594163.0,9522264.0,1419214.0,225438.0,3223.0,103388.0,297875.0,129100.0,735.0,102274035.0,3892340.0,1322500.0,4454047.0,90734.0,116550.0,39,0.0717787632463835,0.15402405503527938,0.8212980962920738,0.12240762873525239,0.019444094411989896,0.00027798470661487165,0.008917245686471719,0.025691807161931396,24,36,0.362,0.35100000000000003,0.341,3149876.0,3055913.0,8701243,8969074
2014,Oklahoma,47529.0,1735761,104334,623840,117589,36.2,3878051.0,2827481.0,287254.0,76654.0,4995.0,93987.0,297948.0,119800.0,737.0,29776580.0,269460.0,348505.0,1419280.0,7405.0,29971.0,40,0.05670033340669911,0.16086431044872798,0.7290984569310718,0.07407174377025985,0.019766114473481654,0.001288018130756919,0.024235627638728836,0.07682931451907156,53,37,0.3,0.299,0.281,825607.0,824831.0,2755091,2940437
2014,Oregon,51075.0,1818085,153954,644450,106123,39.3,3970239.0,3358250.0,71042.0,159891.0,14113.0,141502.0,178680.0,239800.0,924.0,27328810.0,3598200.0,993825.0,1254586.0,82817.0,70615.0,41,0.07806843576622978,0.16232020288954896,0.845855879205257,0.0178936331036998,0.04027238662458356,0.003554697840608588,0.0356406755361579,0.04500484731523719,72,38,0.534,0.509,0.472,1541782.0,1469717.0,2887517,3115883
2014,Pennsylvania,53234.0,6045924,457791,1682212,300402,40.7,12787209.0,10408847.0,1416865.0,399285.0,4197.0,241491.0,289157.0,165400.0,848.0,115278955.0,15579980.0,2686915.0,4530736.0,340499.0,229204.0,42,0.07038915450630909,0.13155427427517608,0.8140046041321448,0.11080330351994716,0.031225344013693684,0.00032821861283412196,0.01888535645268643,0.02261298771295597,14,39,0.365,0.361,0.34600000000000003,3535576.0,3495866.0,9689491,10100271
2014,Rhode Island,54891.0,517864,43662,145596,25675,39.8,1055173.0,858236.0,70600.0,35676.0,385.0,57362.0,27335.0,236000.0,934.0,9478100.0,719175.0,249000.0,405692.0,15219.0,19942.0,44,0.07775597211883332,0.13798306059764606,0.8133604631657557,0.06690845956065972,0.03381056945164442,0.0003648690783407081,0.05436264953709013,0.025905704562190275,5,40,0.424,0.417,0.385,329212.0,324055.0,776286,842605
2014,South Carolina,45238.0,2126949,187866,843860,158580,38.8,4832482.0,3254145.0,1320373.0,68976.0,2959.0,69517.0,102357.0,140000.0,791.0,42126790.0,581870.0,425880.0,1751491.0,15263.0,46514.0,45,0.08115810550735156,0.17462248178058398,0.6733899888297566,0.2732287466357867,0.014273410640743204,0.0006123147484046501,0.01438536139400002,0.02118104112958931,48,41,0.35200000000000004,0.348,0.331,1261611.0,1246301.0,3584461,3760480
2014,South Dakota,50979.0,442489,17960,116843,19798,36.6,853175.0,724768.0,14830.0,11017.0,442.0,6774.0,23533.0,142300.0,647.0,,,,344991.0,2377.0,18453.0,46,0.03900540559323617,0.1369508014182319,0.8494951211650599,0.01738213145017142,0.012912942831189381,0.0005180648753186627,0.007939754446625839,0.027582852287045448,37,42,0.447,0.443,0.431,282291.0,279412.0,630989,647810
2014,Tennessee,44361.0,2910656,245980,1171307,227899,38.6,6549352.0,5084404.0,1105318.0,102508.0,3409.0,99109.0,137465.0,142900.0,770.0,57997435.0,993910.0,452285.0,2389964.0,24552.0,42735.0,47,0.07792472746303343,0.17884318937201726,0.7763216880082182,0.16876753608601278,0.01565162477142777,0.0005205095099484651,0.01513264213009165,0.020989099379602746,54,43,0.298,0.28600000000000003,0.272,1430117.0,1374065.0,4799476,5060636
2014,Utah,60922.0,1364392,71359,339900,58508,30.5,2942902.0,2568018.0,33520.0,66060.0,25425.0,138510.0,78495.0,223200.0,886.0,20739355.0,1585400.0,398025.0,1023289.0,33991.0,31770.0,49,0.049701515095584126,0.11549823949285433,0.8726141747159776,0.011390117645779574,0.022447230658717145,0.008639431418375467,0.047065787443822456,0.02667265168870727,67,45,0.303,0.297,0.275,577973.0,565970.0,1905801,2054936
2014,Vermont,54166.0,325211,18746,73149,14021,42.8,626562.0,591853.0,6164.0,9933.0,365.0,2872.0,12862.0,214600.0,917.0,5415755.0,115860.0,183950.0,242073.0,3585.0,17236.0,50,0.054500998671345544,0.1167466268302259,0.9446040455693132,0.009837813336908398,0.015853179733210758,0.0005825441057708575,0.00458374430622987,0.020527896680615804,6,46,0.408,0.389,0.381,202445.0,193087.0,495884,507304
2014,Virginia,64902.0,4039684,260537,953395,171482,37.7,8326289.0,5739681.0,1601449.0,510871.0,4553.0,174873.0,273629.0,247800.0,1116.0,84310165.0,9247525.0,1159265.0,3158348.0,191066.0,91217.0,51,0.06058688611585312,0.11450419268415978,0.6893444366391799,0.1923364658613219,0.06135638578002757,0.0005468222397757272,0.02100251384500346,0.032863259970918615,40,47,0.368,0.366,0.337,2194346.0,2184473.0,5962456,6489957
2014,Washington,61366.0,3331888,232125,913619,151295,37.5,7061530.0,5484997.0,251336.0,554101.0,45359.0,247151.0,382973.0,266200.0,1032.0,59683385.0,9846920.0,1503400.0,2394643.0,209906.0,115552.0,53,0.06513023381227846,0.12937975198009496,0.776743425291686,0.0355922866574241,0.0784675558979428,0.006423395496443406,0.03499963888845618,0.054233714223404846,73,48,0.431,0.412,0.371,2123901.0,2029189.0,4928407,5467270
2014,West Virginia,41059.0,748143,55257,327764,61757,41.9,1850326.0,1731464.0,68279.0,11642.0,300.0,4172.0,30753.0,103900.0,656.0,15405285.0,267700.0,315885.0,607615.0,5410.0,21210.0,54,0.06877893950709485,0.1771385150508613,0.9357615901197951,0.03690106500151865,0.006291864244462868,0.0001621335915941299,0.002254737813769033,0.016620314474314255,56,49,0.32,0.312,0.307,462864.0,451498.0,1447652,1472594
2014,Wisconsin,52622.0,2916863,163484,738270,133444,39.2,5757564.0,4966282.0,363916.0,150258.0,1384.0,105647.0,119374.0,164700.0,782.0,50200395.0,2254215.0,937555.0,2320974.0,54465.0,92497.0,55,0.05307324142377466,0.12822610395646492,0.8625665298727031,0.0632065922324094,0.02609749539909587,0.00024037943824853705,0.01834925326058034,0.020733421287197153,25,50,0.569,0.5660000000000001,0.539,2422248.0,2410314.0,4260427,4470265
2014,Wyoming,57055.0,299225,13477,63774,10979,36.6,584153.0,531680.0,6320.0,5541.0,837.0,11808.0,12894.0,201000.0,792.0,,,,227488.0,4783.0,10568.0,56,0.043098541103031,0.10917345284540181,0.9101725061756081,0.010819083356586373,0.009485528620070427,0.001432843792636518,0.020213882321925933,0.022072984303769732,68,51,0.397,0.39,0.373,171153.0,168390.0,431434,451484
2012,California,58328.0,16778061,2151166,6325319,1111400,35.5,38041430.0,23628545.0,2263723.0,5120354.0,146712.0,4912894.0,1683860.0,349400.0,1200.0,315678360.0,41077925.0,5587700.0,12059924.0,851099.0,441486.0,06,0.11364256976790442,0.16627448021801494,0.621126624314596,0.05950677984502686,0.1345994091179012,0.003856637355640942,0.12914588121424458,0.04426384602261271,71,5,0.557,0.551,0.451,13202158.0,13038547.0,23681837,28913129
2012,Colorado,56765.0,2559194,216624,694842,118607,36.2,5187582.0,4376673.0,218292.0,147082.0,5308.0,219565.0,172713.0,234900.0,934.0,44636445.0,3752295.0,917230.0,1889150.0,81980.0,85695.0,08,0.0780396985681338,0.13394332851027704,0.8436826637150024,0.04207972037839595,0.028352708448753195,0.0010232127415046163,0.04232511408976282,0.03329354601045342,62,6,0.706,0.6990000000000001,0.645,2596173.0,2569522.0,3675871,3981208
2012,Connecticut,67276.0,1760162,189561,372390,70924,40.4,3590347.0,2804972.0,366350.0,147830.0,2261.0,163423.0,93884.0,267800.0,1019.0,32078110.0,4435685.0,570835.0,1358109.0,82482.0,51475.0,09,0.09722458010702033,0.10371977973159698,0.7812537339705605,0.1020374910837309,0.04117429318113263,0.0006297441445074807,0.04551732743381071,0.02614900453911558,1,7,0.614,0.613,0.556,1560640.0,1558960.0,2543202,2801375
2012,District of Columbia,66583.0,326957,37718,108732,15690,33.7,632323.0,250657.0,313224.0,21858.0,54.0,28401.0,15871.0,460700.0,1235.0,2957800.0,4739265.0,673055.0,111088.0,125890.0,38795.0,11,0.10342908068828409,0.17195642100635278,0.3964065833442718,0.49535443120050987,0.034567776278895436,8.539939239913779e-05,0.04491533599125763,0.02509951401419844,55,9,0.616,0.615,0.555,294254.0,293764.0,477582,528848
2012,Florida,45040.0,8277586,1080331,3238581,580789,41.1,19317568.0,14742516.0,3105799.0,488052.0,11609.0,459361.0,458760.0,148200.0,954.0,165281285.0,8576660.0,1614500.0,6473106.0,177143.0,127838.0,12,0.11544567022767994,0.16764951985674387,0.7631662536402097,0.1607758802764406,0.02526467099792272,0.0006009555654210716,0.023779442629631223,0.02374833105285303,43,10,0.633,0.628,0.551,8538264.0,8474179.0,13495057,15380947
2012,Georgia,47209.0,4263543,528978,1848533,361820,35.7,9919945.0,5992846.0,3063367.0,337015.0,2882.0,297813.0,201856.0,142300.0,837.0,88077905.0,4008685.0,852110.0,3353644.0,82974.0,71148.0,13,0.11037572918303332,0.18634508558263177,0.604120889783159,0.3088088694040138,0.03397347465132115,0.00029052580432653607,0.030021638224808706,0.020348499916078164,44,11,0.593,0.59,0.523,3919355.0,3900050.0,6606607,7452696
2012,Hawaii,66259.0,648504,49398,157243,26514,38.3,1392313.0,347252.0,25613.0,531663.0,145408.0,15499.0,323725.0,496600.0,1379.0,10735730.0,2069495.0,412575.0,437154.0,45177.0,31804.0,15,0.07078071133196351,0.11293653079444062,0.24940656303575418,0.018396007219640985,0.38185594762097314,0.10443628695559116,0.011131836016757726,0.23250878214884152,82,12,0.445,0.442,0.399,437159.0,434697.0,982902,1088335
2012,Idaho,45489.0,710247,61864,248494,47558,35.2,1595728.0,1458371.0,8759.0,20613.0,1686.0,46011.0,39524.0,154500.0,702.0,,,,542709.0,5925.0,20109.0,16,0.08012319472200241,0.15572453450713405,0.9139220468651299,0.005489030712001043,0.012917615032135803,0.0010565710446893205,0.028833861409964606,0.024768632248102433,63,13,0.61,0.598,0.556,666290.0,652274.0,1091410,1173727
2012,Illinois,55137.0,6030591,682518,1850562,339595,37.0,12875255.0,9358637.0,1853436.0,617924.0,4231.0,731378.0,282835.0,170600.0,868.0,114116720.0,24634975.0,2210645.0,4362024.0,506351.0,186595.0,17,0.10166943513057809,0.14373012418006478,0.7268700309236594,0.14395334306000154,0.04799314654350535,0.00032861485073499517,0.05680493318384762,0.02196733190915442,21,14,0.593,0.589,0.5329999999999999,5279752.0,5242014.0,8899143,9827043
2012,Indiana,46974.0,3003089,288609,990325,186201,37.3,6537334.0,5513003.0,598171.0,107736.0,2824.0,157490.0,141815.0,122700.0,715.0,56610435.0,1444515.0,713075.0,2435019.0,33311.0,64333.0,18,0.08767784893996959,0.1514875941782996,0.8433105911369987,0.0915007555067555,0.016480112535171065,0.0004319803760982688,0.024090860280352816,0.02169309385140793,22,15,0.56,0.552,0.529,2663368.0,2624534.0,4755291,4960376
2012,Iowa,50957.0,1556772,87916,377484,70337,38.0,3074186.0,2817947.0,91660.0,56519.0,2260.0,37670.0,59977.0,126300.0,661.0,,,,1222653.0,16630.0,55697.0,19,0.05345451538528888,0.12279152920480413,0.9166481793879746,0.0298160228431201,0.018385029402905356,0.0007351539562017392,0.012253650234566158,0.019509880013766245,31,16,0.706,0.703,0.6709999999999999,1589951.0,1582180.0,2251748,2356209
2012,Kansas,50241.0,1394404,97003,391734,67828,36.0,2885905.0,2468884.0,167414.0,71821.0,2263.0,57943.0,91493.0,130100.0,711.0,21232065.0,267210.0,325895.0,1140807.0,7884.0,30985.0,20,0.06504126640145849,0.1357404349762033,0.8554973223304302,0.05801091858533112,0.024886820598737657,0.000784156096614407,0.020077930493207503,0.03170339980006272,32,17,0.5820000000000001,0.569,0.535,1182771.0,1156254.0,2030686,2162442
2012,Kentucky,41724.0,1867958,191844,823197,169148,38.4,4380415.0,3844617.0,344584.0,55397.0,2149.0,38316.0,87211.0,120800.0,636.0,,,,1526467.0,18673.0,42463.0,21,0.09313710735303685,0.187926714706255,0.8776832788674133,0.07866469272888528,0.012646518651771578,0.0004905927862999283,0.008747116426183364,0.01990930083108564,51,18,0.562,0.557,0.534,1815843.0,1797212.0,3229185,3368684
2012,Louisiana,42944.0,2001905,193512,891981,174766,36.0,4601893.0,2891506.0,1483239.0,72216.0,2209.0,48697.0,78475.0,139500.0,747.0,39816410.0,980100.0,473410.0,1622316.0,24516.0,36437.0,22,0.08814361918487468,0.19382914813534344,0.6283296895429772,0.322310623041431,0.015692672558879576,0.0004800198526997477,0.010581949645504579,0.01705276502517551,45,19,0.608,0.602,0.57,2014548.0,1994065.0,3311626,3495847
2012,Maine,46709.0,646362,53326,189786,34019,43.5,1329192.0,1264328.0,13614.0,14414.0,156.0,2509.0,26105.0,172300.0,744.0,,,,485919.0,3597.0,27462.0,23,0.07621396965504625,0.14278298394814293,0.9512004285310174,0.010242312623007059,0.010844182029383264,0.00011736453424335987,0.0018876129257473714,0.019639751066813524,2,20,0.693,0.682,0.67,724758.0,713180.0,1046008,1064779
2012,Maryland,71122.0,2937440,264281,590803,104724,38.1,5884563.0,3417690.0,1720936.0,339527.0,2637.0,202979.0,183623.0,279900.0,1170.0,63625470.0,13847220.0,957845.0,2135379.0,258280.0,71970.0,24,0.08254341961713715,0.1003987891709206,0.580789091730346,0.2924492438945764,0.057697912317363244,0.00044812163622005575,0.034493470458214145,0.031204186275174555,52,21,0.6729999999999999,0.6659999999999999,0.595,2734062.0,2707327.0,4063582,4553853
2012,Massachusetts,65339.0,3334794,308598,762645,135819,39.5,6646144.0,5323896.0,473527.0,381262.0,900.0,269542.0,183787.0,323800.0,1036.0,63543665.0,14044760.0,2216210.0,2354944.0,309147.0,161358.0,25,0.0847007404089376,0.11474999638888354,0.801050353407931,0.07124838101612002,0.05736589517169655,0.00013541686728424783,0.040556148046145254,0.027653177541744508,3,22,0.662,0.659,0.602,3184196.0,3167767.0,4809675,5263550
2012,Michigan,46859.0,4285132,544045,1685178,312684,39.5,9883360.0,7840426.0,1388360.0,248093.0,1829.0,93952.0,254344.0,115700.0,748.0,81836265.0,2309580.0,1007285.0,3459252.0,54893.0,91536.0,26,0.11265791251801291,0.1705065888523741,0.793295599876965,0.1404744945038934,0.025102090786938855,0.00018505852260769618,0.009506078904340224,0.025734568001165595,23,23,0.654,0.647,0.62,4780701.0,4730961.0,7312725,7625576
2012,Minnesota,58906.0,2786812,186027,598371,104285,37.6,5379139.0,4596694.0,287165.0,226902.0,2336.0,73363.0,136449.0,178400.0,813.0,47733280.0,3426840.0,705155.0,2135967.0,89609.0,76853.0,27,0.06257553806311071,0.11123917786842838,0.8545408475222521,0.05338493762663504,0.04218184359987723,0.00043427024287715936,0.013638428008645993,0.02536632721333284,33,24,0.764,0.76,0.7140000000000001,2950780.0,2936561.0,3861598,4114820
2012,Montana,45076.0,482710,37280,152199,26547,40.2,1005141.0,896467.0,3605.0,6442.0,1183.0,6526.0,25770.0,184800.0,681.0,,,,353661.0,4520.0,22947.0,30,0.07169368641704649,0.15142054696803733,0.8918818354837779,0.003586561487393311,0.006409051068457062,0.001176949303630038,0.0064926214332118575,0.02563819404441765,64,27,0.635,0.625,0.616,491966.0,484048.0,774476,785454
2012,Nebraska,50723.0,956636,53727,233973,43306,36.3,1855525.0,1634952.0,85483.0,36670.0,1227.0,42754.0,38621.0,128300.0,692.0,13577210.0,241355.0,227260.0,759340.0,6142.0,26578.0,31,0.053175937757023964,0.1260953099527088,0.8811263658533299,0.04606944126325434,0.019762600881152236,0.0006612683741798143,0.023041457269505936,0.020814055321270262,35,28,0.611,0.603,0.569,804245.0,794379.0,1316915,1396507
2012,Nevada,49760.0,1230084,172282,446840,81805,36.8,2758931.0,1922203.0,227696.0,207736.0,18441.0,236992.0,114448.0,150700.0,944.0,21195050.0,2422355.0,341920.0,949121.0,44047.0,27904.0,32,0.12285095331746491,0.16196128138036073,0.6967202151847944,0.08253051634854225,0.07529583016030485,0.006684110621106508,0.08589993733079951,0.04148273371099168,65,29,0.565,0.564,0.482,1016664.0,1014918.0,1800969,2105976
2012,New Hampshire,63280.0,692142,47922,128466,23062,41.9,1320718.0,1241905.0,16515.0,29743.0,191.0,5827.0,24216.0,236000.0,967.0,,,,554808.0,4522.0,21007.0,33,0.06475385912569724,0.09726981838666543,0.9403256410528212,0.012504561912535454,0.02252032606506461,0.0001446183061031954,0.004411994082006908,0.018335481154947535,4,30,0.7090000000000001,0.7020000000000001,0.6779999999999999,718700.0,710972.0,1013420,1047978
2012,New Jersey,69667.0,4206029,471538,934943,182374,39.4,8864590.0,6111675.0,1207688.0,775176.0,2606.0,523067.0,222804.0,311600.0,1148.0,82423125.0,24976245.0,1557915.0,2962771.0,435665.0,125193.0,34,0.1008083903448096,0.10546940129210713,0.689448130144767,0.1362373217486652,0.08744634551626189,0.0002939786273251216,0.059006338702635996,0.025134157360915732,12,31,0.622,0.615,0.532,3683638.0,3640292.0,5918182,6847503
2012,New Mexico,42558.0,870667,99454,426245,84047,36.8,2085538.0,1499853.0,42843.0,27714.0,1431.0,255095.0,65699.0,157500.0,753.0,14004930.0,432205.0,188985.0,682940.0,9839.0,19615.0,35,0.1025171086905654,0.20438131551666763,0.719168387245881,0.020542900680783568,0.013288657411181192,0.0006861538845132527,0.12231616014668636,0.0315021831297248,66,32,0.5479999999999999,0.546,0.498,786522.0,783757.0,1436363,1573400
2012,New York,56448.0,9099766,927351,3025016,560748,38.1,19570261.0,12767396.0,3046610.0,1498346.0,7456.0,1644049.0,533012.0,280900.0,1079.0,122324830.0,119823905.0,7847730.0,4785225.0,2429897.0,568540.0,36,0.09248431029577096,0.15457208261044653,0.6523876201753263,0.15567549150213172,0.07656239229512575,0.0003809862321202563,0.08400751528045539,0.027235814586223456,13,33,0.535,0.531,0.461,7128852.0,7074723.0,13324107,15344671
2012,North Carolina,45150.0,4268510,516566,1713132,331842,37.8,9752073.0,6817441.0,2107908.0,227727.0,5568.0,255939.0,224210.0,150100.0,756.0,79772780.0,1867650.0,726070.0,3434930.0,48895.0,82256.0,37,0.10795356228406822,0.17566849632893436,0.6990760836183241,0.21614973554853414,0.023351650464470478,0.0005709555291474951,0.026244573845991513,0.022991009193635035,47,34,0.654,0.648,0.601,4542488.0,4505372.0,6947954,7496980
2012,North Dakota,53585.0,379029,13065,75703,12342,36.2,699628.0,626192.0,10202.0,6737.0,1190.0,3916.0,14090.0,142500.0,644.0,4960260.0,38580.0,125855.0,299123.0,1430.0,14373.0,38,0.033321091370946763,0.10820464589753412,0.8950356475155369,0.014582035024327214,0.009629403054194515,0.0017009039089344623,0.005597260258308701,0.020139274014190398,36,35,0.604,0.598,0.5870000000000001,325564.0,322627.0,539164,549955
2012,Ohio,46829.0,5285177,527315,1824628,349081,39.3,11544225.0,9547022.0,1413110.0,200878.0,4101.0,91448.0,265974.0,127600.0,700.0,98311805.0,3636715.0,1388445.0,4316260.0,80916.0,123591.0,39,0.09072098507834506,0.15805547795542793,0.8269954890865346,0.12240839034235733,0.0174007349995344,0.0003552425563431066,0.007921536525838676,0.023039571733918907,24,36,0.6509999999999999,0.645,0.627,5632423.0,5580822.0,8649495,8896930
2012,Oregon,49161.0,1738117,215292,658359,117202,38.9,3899353.0,3321591.0,69719.0,149455.0,16415.0,138756.0,156351.0,223900.0,862.0,26100575.0,3074055.0,1067750.0,1211498.0,70405.0,77731.0,41,0.11021347807857955,0.16883800979290667,0.8518313166312462,0.017879632851911586,0.03832815341416897,0.0042096727328867125,0.03558436489335538,0.04009665193174355,72,38,0.642,0.631,0.5870000000000001,1820507.0,1789270.0,2836101,3050747
2012,South Carolina,43107.0,2007569,253703,837770,169766,38.3,4723723.0,3165844.0,1307087.0,59956.0,1738.0,79046.0,94735.0,135500.0,754.0,,,,1657435.0,10356.0,43028.0,45,0.11219481778397292,0.17735375253798752,0.6702010257587077,0.276706953392483,0.012692530870247895,0.0003679301263008013,0.016733834731630114,0.020055155647356968,48,41,0.568,0.563,0.536,1981516.0,1964118.0,3486838,3662322
2012,South Dakota,48362.0,426383,20915,107846,17777,36.7,833354.0,711562.0,13055.0,9537.0,460.0,7755.0,17680.0,134300.0,651.0,,,,331520.0,2033.0,16612.0,46,0.04675853681438325,0.12941199058263356,0.8538532244400339,0.015665611492834977,0.011444116185918589,0.0005519863107394937,0.00930576921692342,0.021215473856248366,37,42,0.601,0.593,0.5760000000000001,368270.0,363815.0,613190,631472
2012,Tennessee,42764.0,2823508,296484,1129330,224722,38.2,6456243.0,5036564.0,1091759.0,96086.0,2618.0,93258.0,118364.0,137800.0,730.0,55886555.0,932820.0,350685.0,2322135.0,20847.0,36184.0,47,0.09502716673632497,0.174920615596408,0.7801075641050066,0.16910128692491902,0.014882649243530641,0.00040549898756908625,0.014444623599204677,0.01833326285891036,54,43,0.523,0.519,0.494,2478870.0,2458577.0,4736084,4976284
2012,Utah,57049.0,1312966,95806,360017,64059,29.9,2855287.0,2514908.0,31797.0,62575.0,25765.0,119195.0,69599.0,199700.0,851.0,20201235.0,1559190.0,423590.0,981257.0,32473.0,33288.0,49,0.0680067463010338,0.1260878503632034,0.8807899170906462,0.01113618350799762,0.021915485203413878,0.009023611286711284,0.041745365702291926,0.024375483095044385,67,45,0.561,0.555,0.514,1028786.0,1017440.0,1833339,1978956
2012,Vermont,52977.0,325960,22400,71084,11857,42.4,626011.0,595252.0,6411.0,8234.0,0.0,1349.0,12600.0,216900.0,860.0,,,,234408.0,3781.0,19430.0,50,0.06430129750832472,0.11355072035475415,0.9508650806455478,0.010241034103234608,0.013153123507414407,0.0,0.002154914210772654,0.02012744185006334,6,46,0.612,0.607,0.596,301793.0,299290.0,493355,502242
2012,Virginia,61741.0,3938818,294111,931805,175030,37.5,8185867.0,5661067.0,1576258.0,469669.0,5008.0,187150.0,263693.0,237800.0,1068.0,81629400.0,8084365.0,1083980.0,3067222.0,174525.0,87938.0,51,0.06948167569075692,0.11383094790081491,0.6915659636297535,0.19255846692842676,0.05737559625632813,0.0006117861431171555,0.022862575216528683,0.032213203561699696,40,47,0.6659999999999999,0.6609999999999999,0.607,3888186.0,3854489.0,5834676,6348827
2012,Washington,57573.0,3204090,306984,915278,156411,37.5,6897012.0,5402912.0,248631.0,509565.0,41156.0,255271.0,344462.0,243000.0,954.0,55845640.0,8229675.0,1501430.0,2297264.0,185379.0,113798.0,53,0.08743307603314542,0.13270645317131535,0.7833699578890105,0.03604908908379455,0.07388199411571272,0.0059672217476205635,0.037011824830810794,0.049943656760347815,73,48,0.6579999999999999,0.648,0.586,3172939.0,3125516.0,4822060,5329782
2012,Wyoming,54901.0,288852,17113,71019,12425,36.9,576412.0,523798.0,5720.0,5637.0,78.0,11161.0,17643.0,187400.0,742.0,,,,216595.0,4379.0,9280.0,56,0.05593123396466916,0.12320874652158526,0.908721539454418,0.009923457526907837,0.009779463300555853,0.00013531987536692503,0.019362886268849366,0.03060831488588024,68,51,0.59,0.586,0.564,250701.0,249061.0,425142,441726
2012,Alaska,67712.0,351496,29864,72400,12542,33.8,731449.0,486551.0,26207.0,42790.0,8231.0,6796.0,58292.0,245100.0,1120.0,,,,235946.0,5746.0,26338.0,02,0.07830920914621355,0.0989816104745512,0.6651878668232508,0.03582888212301883,0.05850031922936527,0.011253006019558438,0.009291146751174723,0.07969386792517319,81,2,0.589,0.5870000000000001,0.5529999999999999,301694.0,300495.0,511792,543763
2012,Arizona,47826.0,2757652,300531,1194506,212634,36.6,6553255.0,5164199.0,286343.0,190390.0,12037.0,420902.0,189501.0,151500.0,888.0,49785605.0,2597610.0,657695.0,2088074.0,54614.0,54884.0,04,0.09827109757656752,0.1822767464412723,0.7880357166019024,0.04369477458148661,0.029052737914212097,0.0018367971336381691,0.06422792947931982,0.028917080138038273,61,3,0.53,0.526,0.465,2323579.0,2306559.0,4387900,4959270
2012,Arkansas,40112.0,1252225,115297,568065,110938,37.6,2949131.0,2307951.0,462182.0,39448.0,5221.0,58865.0,57979.0,107600.0,640.0,,,,1013982.0,5748.0,20051.0,05,0.08431089225621233,0.19262114839930813,0.7825868026886564,0.15671802981963162,0.0133761436843599,0.0017703520121690084,0.019960117064993045,0.01965968958313483,42,4,0.511,0.507,0.477,1078548.0,1069468.0,2109847,2242740
