Year,ICPSR State Code,Alphanumeric State Code,Abbrv,State,VEP Total Ballots Counted,VEP Highest Office,VAP Highest Office,Total Ballots Counted (Estimate),Highest Office,Voting-Eligible Population (VEP),Voting-Age Population (VAP)
2016,0,0,US,United States,0.601,0.5920000000000001,0.547,138846571.0,136753936.0,230931921,250055734
2016,41,1,AL,Alabama,0.591,0.588,0.563,2134061.0,2123372.0,3609447,3770142
2016,81,2,AK,Alaska,0.615,0.61,0.574,321271.0,318608.0,522679,555367
2016,61,3,AZ,Arizona,0.561,0.5489999999999999,0.489,2661497.0,2604657.0,4740310,5331034
2016,42,4,AR,Arkansas,0.532,0.528,0.494,1137772.0,1130635.0,2140097,2286625
2016,71,5,CA,California,0.5820000000000001,0.565,0.47,14610509.0,14181595.0,25104844,30201571
2016,62,6,CO,Colorado,0.7190000000000001,0.7,0.6459999999999999,2859216.0,2780247.0,3974405,4305728
2016,1,7,CT,Connecticut,0.649,0.637,0.583,1675955.0,1644920.0,2582761,2821935
2016,11,8,DE,Delaware,0.644,0.642,0.5920000000000001,445228.0,443814.0,691720,749872
2016,55,9,DC,District of Columbia,0.607,0.604,0.5539999999999999,312575.0,311268.0,515248,562329
2016,43,10,FL,Florida,0.6559999999999999,0.645,0.569,9580489.0,9420039.0,14601066,16565588
2016,44,11,GA,Georgia,0.598,0.591,0.526,4165405.0,4114732.0,6959963,7828207
2016,82,12,HI,Hawaii,0.43200000000000005,0.423,0.38299999999999995,437664.0,428937.0,1012860,1120465
2016,63,13,ID,Idaho,0.609,0.5920000000000001,0.55,710545.0,690255.0,1166706,1253925
2016,21,14,IL,Illinois,0.631,0.622,0.5670000000000001,5666118.0,5589631.0,8985443,9866799
2016,22,15,IN,Indiana,0.579,0.564,0.54,2807676.0,2734958.0,4849937,5063393
2016,31,16,IA,Iowa,0.691,0.684,0.6509999999999999,1581371.0,1566031.0,2288536,2406915
2016,32,17,KS,Kansas,0.597,0.5770000000000001,0.54,1225667.0,1184402.0,2054025,2192423
2016,51,18,KY,Kentucky,0.596,0.586,0.561,1955195.0,1924149.0,3282420,3430652
2016,45,19,LA,Louisiana,0.606,0.6,0.568,2049531.0,2029032.0,3384435,3571652
2016,2,20,ME,Maine,0.7290000000000001,0.7070000000000001,0.6940000000000001,771892.0,747927.0,1058372,1078037
2016,52,21,MD,Maryland,0.67,0.664,0.595,2807322.0,2781446.0,4189616,4670900
2016,3,22,MA,Massachusetts,0.6829999999999999,0.672,0.611,3378801.0,3325046.0,4948028,5442458
2016,23,23,MI,Michigan,0.657,0.647,0.62,4874619.0,4799284.0,7420628,7744567
2016,33,24,MN,Minnesota,0.747,0.741,0.6940000000000001,2968281.0,2944813.0,3973204,4240423
2016,34,26,MO,Missouri,0.622,0.622,0.596,2811549.0,2808605.0,4517925,4710784
2016,64,27,MT,Montana,0.643,0.618,0.608,516901.0,497147.0,804250,817702
2016,35,28,NE,Nebraska,0.64,0.628,0.588,860573.0,844227.0,1343821,1436437
2016,65,29,NV,Nevada,0.574,0.574,0.494,1125429.0,1125385.0,1961587,2276281
2016,4,30,NH,New Hampshire,0.725,0.7140000000000001,0.691,755850.0,744296.0,1042795,1076739
2016,12,31,NJ,New Jersey,0.6579999999999999,0.644,0.557,3957303.0,3874046.0,6013656,6959892
2016,66,32,NM,New Mexico,0.5489999999999999,0.545,0.502,804043.0,798319.0,1464515,1591069
2016,13,33,NY,New York,0.5720000000000001,0.568,0.496,7786881.0,7721453.0,13604645,15557982
2016,47,34,NC,North Carolina,0.649,0.645,0.602,4769640.0,4741564.0,7352501,7880013
2016,36,35,ND,North Dakota,0.617,0.608,0.593,349945.0,344360.0,566783,581188
2016,24,36,OH,Ohio,0.642,0.629,0.61,5607641.0,5496487.0,8736808,9007953
2016,72,38,OR,Oregon,0.68,0.662,0.617,2056310.0,2001336.0,3024174,3244277
2016,5,40,RI,Rhode Island,0.597,0.591,0.547,469589.0,464144.0,786012,848975
2016,48,41,SC,South Carolina,0.573,0.5670000000000001,0.542,2123584.0,2103027.0,3709283,3883145
2016,37,42,SD,South Dakota,0.6,0.586,0.5660000000000001,378995.0,370093.0,631173,653841
2016,54,43,TN,Tennessee,0.518,0.511,0.486,2545271.0,2508027.0,4909426,5164969
2016,49,44,TX,Texas,0.514,0.514,0.434,8975000.0,8969226.0,17448910,20671564
2016,67,45,UT,Utah,0.579,0.568,0.528,1152369.0,1131430.0,1991885,2144784
2016,6,46,VT,Vermont,0.648,0.637,0.623,320467.0,315067.0,494871,506048
2016,73,48,WA,Washington,0.657,0.647,0.583,3363440.0,3317019.0,5123020,5691833
2016,68,51,WY,Wyoming,0.602,0.595,0.573,258788.0,255849.0,429682,446396
2014,0,0,US,United States,0.36700000000000005,0.36,0.332,83262122.0,81687059.0,227157964,245712915
2014,41,1,AL,Alabama,0.332,0.32899999999999996,0.315,1191274.0,1180413.0,3588783,3751844
2014,81,2,AK,Alaska,0.5479999999999999,0.542,0.51,285431.0,282382.0,520562,553473
2014,61,3,AZ,Arizona,0.341,0.33399999999999996,0.295,1537671.0,1506416.0,4510186,5110890
2014,42,4,AR,Arkansas,0.40299999999999997,0.401,0.375,852642.0,848592.0,2117881,2263040
2014,71,5,CA,California,0.307,0.299,0.247,7513972.0,7317581.0,24440416,29646675
2014,62,6,CO,Colorado,0.547,0.537,0.494,2080071.0,2041020.0,3800664,4128890
2014,1,7,CT,Connecticut,0.425,0.423,0.385,1096556.0,1089880.0,2577311,2828791
2014,11,8,DE,Delaware,0.349,0.34299999999999997,0.318,238110.0,234038.0,681526,735156
2014,55,9,DC,District of Columbia,0.35700000000000004,0.353,0.32,177176.0,175071.0,495899,547228
2014,43,10,FL,Florida,0.433,0.428,0.376,6026802.0,5951561.0,13914216,15816663
2014,44,11,GA,Georgia,0.386,0.382,0.33799999999999997,2596947.0,2567761.0,6725041,7601982
2014,82,12,HI,Hawaii,0.365,0.36200000000000004,0.32899999999999996,369554.0,366125.0,1012123,1113693
2014,63,13,ID,Idaho,0.39799999999999996,0.39299999999999996,0.365,445307.0,439830.0,1119882,1205611
2014,21,14,IL,Illinois,0.408,0.402,0.366,3680417.0,3627690.0,9028752,9922399
2014,22,15,IN,Indiana,0.287,0.278,0.267,1387622.0,1341814.0,4829510,5033872
2014,31,16,IA,Iowa,0.503,0.498,0.473,1142284.0,1129700.0,2269179,2386733
2014,32,17,KS,Kansas,0.433,0.425,0.39799999999999996,887023.0,869502.0,2048164,2184712
2014,51,18,KY,Kentucky,0.449,0.442,0.42200000000000004,1459409.0,1435868.0,3247300,3406506
2014,45,19,LA,Louisiana,0.449,0.439,0.415,1503975.0,1472039.0,3349433,3545845
2014,2,20,ME,Maine,0.5870000000000001,0.581,0.57,616996.0,611255.0,1051557,1071521
2014,52,21,MD,Maryland,0.42,0.41700000000000004,0.373,1745104.0,1733177.0,4154546,4645171
2014,3,22,MA,Massachusetts,0.447,0.441,0.402,2186789.0,2158326.0,4896296,5369534
2014,23,23,MI,Michigan,0.43200000000000005,0.42700000000000005,0.41,3188956.0,3156531.0,7383958,7700110
2014,33,24,MN,Minnesota,0.506,0.504,0.47200000000000003,1992613.0,1981511.0,3935121,4194166
2014,34,26,MO,Missouri,0.336,0.317,0.305,1509025.0,1426303.0,4493722,4682458
2014,64,27,MT,Montana,0.475,0.469,0.461,373831.0,369826.0,787748,802644
2014,35,28,NE,Nebraska,0.414,0.405,0.38,552115.0,539891.0,1334453,1419489
2014,65,29,NV,Nevada,0.29600000000000004,0.293,0.252,552546.0,547349.0,1867644,2173640
2014,4,30,NH,New Hampshire,0.483,0.47600000000000003,0.46,495565.0,488159.0,1025862,1061054
2014,12,31,NJ,New Jersey,0.325,0.311,0.27,1955042.0,1869535.0,6014127,6936661
2014,13,33,NY,New York,0.29,0.282,0.24600000000000002,3930310.0,3819010.0,13553426,15544111
2014,47,34,NC,North Carolina,0.41200000000000003,0.408,0.379,2939767.0,2915281.0,7143737,7693406
2014,36,35,ND,North Dakota,0.45,0.43799999999999994,0.42700000000000005,255128.0,248670.0,567221,582205
2014,24,36,OH,Ohio,0.36200000000000004,0.35100000000000003,0.341,3149876.0,3055913.0,8701243,8969074
2014,53,37,OK,Oklahoma,0.3,0.299,0.281,825607.0,824831.0,2755091,2940437
2014,72,38,OR,Oregon,0.534,0.509,0.47200000000000003,1541782.0,1469717.0,2887517,3115883
2014,14,39,PA,Pennsylvania,0.365,0.361,0.34600000000000003,3535576.0,3495866.0,9689491,10100271
2014,5,40,RI,Rhode Island,0.424,0.41700000000000004,0.385,329212.0,324055.0,776286,842605
2014,48,41,SC,South Carolina,0.35200000000000004,0.348,0.331,1261611.0,1246301.0,3584461,3760480
2014,37,42,SD,South Dakota,0.447,0.44299999999999995,0.431,282291.0,279412.0,630989,647810
2014,54,43,TN,Tennessee,0.298,0.28600000000000003,0.272,1430117.0,1374065.0,4799476,5060636
2014,67,45,UT,Utah,0.303,0.297,0.275,577973.0,565970.0,1905801,2054936
2014,6,46,VT,Vermont,0.408,0.389,0.381,202445.0,193087.0,495884,507304
2014,40,47,VA,Virginia,0.368,0.366,0.337,2194346.0,2184473.0,5962456,6489957
2014,73,48,WA,Washington,0.431,0.41200000000000003,0.371,2123901.0,2029189.0,4928407,5467270
2014,56,49,WV,West Virginia,0.32,0.312,0.307,462864.0,451498.0,1447652,1472594
2014,25,50,WI,Wisconsin,0.569,0.5660000000000001,0.539,2422248.0,2410314.0,4260427,4470265
2014,68,51,WY,Wyoming,0.397,0.39,0.373,171153.0,168390.0,431434,451484
2012,0,0,US,United States,0.586,0.58,0.536,130292355.0,129070906.0,222474111,240957993
2012,81,2,AK,Alaska,0.589,0.5870000000000001,0.5529999999999999,301694.0,300495.0,511792,543763
2012,61,3,AZ,Arizona,0.53,0.526,0.465,2323579.0,2306559.0,4387900,4959270
2012,42,4,AR,Arkansas,0.511,0.507,0.47700000000000004,1078548.0,1069468.0,2109847,2242740
2012,71,5,CA,California,0.557,0.551,0.451,13202158.0,13038547.0,23681837,28913129
2012,62,6,CO,Colorado,0.706,0.6990000000000001,0.645,2596173.0,2569522.0,3675871,3981208
2012,1,7,CT,Connecticut,0.614,0.613,0.556,1560640.0,1558960.0,2543202,2801375
2012,55,9,DC,District of Columbia,0.616,0.615,0.555,294254.0,293764.0,477582,528848
2012,43,10,FL,Florida,0.633,0.628,0.551,8538264.0,8474179.0,13495057,15380947
2012,44,11,GA,Georgia,0.593,0.59,0.523,3919355.0,3900050.0,6606607,7452696
2012,82,12,HI,Hawaii,0.445,0.442,0.39899999999999997,437159.0,434697.0,982902,1088335
2012,63,13,ID,Idaho,0.61,0.598,0.556,666290.0,652274.0,1091410,1173727
2012,21,14,IL,Illinois,0.593,0.589,0.5329999999999999,5279752.0,5242014.0,8899143,9827043
2012,22,15,IN,Indiana,0.56,0.552,0.529,2663368.0,2624534.0,4755291,4960376
2012,31,16,IA,Iowa,0.706,0.703,0.6709999999999999,1589951.0,1582180.0,2251748,2356209
2012,32,17,KS,Kansas,0.5820000000000001,0.569,0.535,1182771.0,1156254.0,2030686,2162442
2012,51,18,KY,Kentucky,0.562,0.557,0.534,1815843.0,1797212.0,3229185,3368684
2012,45,19,LA,Louisiana,0.608,0.602,0.57,2014548.0,1994065.0,3311626,3495847
2012,2,20,ME,Maine,0.693,0.682,0.67,724758.0,713180.0,1046008,1064779
2012,52,21,MD,Maryland,0.6729999999999999,0.6659999999999999,0.595,2734062.0,2707327.0,4063582,4553853
2012,3,22,MA,Massachusetts,0.662,0.659,0.602,3184196.0,3167767.0,4809675,5263550
2012,23,23,MI,Michigan,0.654,0.647,0.62,4780701.0,4730961.0,7312725,7625576
2012,33,24,MN,Minnesota,0.764,0.76,0.7140000000000001,2950780.0,2936561.0,3861598,4114820
2012,64,27,MT,Montana,0.635,0.625,0.616,491966.0,484048.0,774476,785454
2012,35,28,NE,Nebraska,0.611,0.603,0.569,804245.0,794379.0,1316915,1396507
2012,65,29,NV,Nevada,0.565,0.564,0.48200000000000004,1016664.0,1014918.0,1800969,2105976
2012,4,30,NH,New Hampshire,0.7090000000000001,0.7020000000000001,0.6779999999999999,718700.0,710972.0,1013420,1047978
2012,12,31,NJ,New Jersey,0.622,0.615,0.532,3683638.0,3640292.0,5918182,6847503
2012,66,32,NM,New Mexico,0.5479999999999999,0.546,0.498,786522.0,783757.0,1436363,1573400
2012,13,33,NY,New York,0.535,0.531,0.461,7128852.0,7074723.0,13324107,15344671
2012,47,34,NC,North Carolina,0.654,0.648,0.601,4542488.0,4505372.0,6947954,7496980
2012,36,35,ND,North Dakota,0.604,0.598,0.5870000000000001,325564.0,322627.0,539164,549955
2012,24,36,OH,Ohio,0.6509999999999999,0.645,0.627,5632423.0,5580822.0,8649495,8896930
2012,72,38,OR,Oregon,0.642,0.631,0.5870000000000001,1820507.0,1789270.0,2836101,3050747
2012,48,41,SC,South Carolina,0.568,0.563,0.536,1981516.0,1964118.0,3486838,3662322
2012,37,42,SD,South Dakota,0.601,0.593,0.5760000000000001,368270.0,363815.0,613190,631472
2012,54,43,TN,Tennessee,0.523,0.519,0.494,2478870.0,2458577.0,4736084,4976284
2012,67,45,UT,Utah,0.561,0.555,0.514,1028786.0,1017440.0,1833339,1978956
2012,6,46,VT,Vermont,0.612,0.607,0.596,301793.0,299290.0,493355,502242
2012,40,47,VA,Virginia,0.6659999999999999,0.6609999999999999,0.607,3888186.0,3854489.0,5834676,6348827
2012,73,48,WA,Washington,0.6579999999999999,0.648,0.586,3172939.0,3125516.0,4822060,5329782
2012,68,51,WY,Wyoming,0.59,0.586,0.564,250701.0,249061.0,425142,441726
2010,0,0,US,United States,0.418,0.41,0.37799999999999995,90912015.0,89099476.0,217551109,236022989
2010,41,1,AL,Alabama,0.433,0.43,0.408,1503232.0,1494273.0,3472582,3661784
2010,81,2,AK,Alaska,0.529,0.519,0.485,261128.0,256192.0,493764,528744
2010,61,3,AZ,Arizona,0.41600000000000004,0.41,0.359,1750840.0,1727791.0,4209544,4807398
2010,42,4,AR,Arkansas,0.379,0.375,0.353,789773.0,781333.0,2081156,2216171
2010,71,5,CA,California,0.45899999999999996,0.44,0.358,10529134.0,10095485.0,22946053,28167234
2010,62,6,CO,Colorado,0.517,0.506,0.465,1828323.0,1787730.0,3533054,3843619
2010,1,7,CT,Connecticut,0.45899999999999996,0.45899999999999996,0.41700000000000004,1153872.0,1153115.0,2512981,2765843
2010,11,8,DE,Delaware,0.49,0.475,0.441,316754.0,307402.0,646969,696940
2010,55,9,DC,District of Columbia,0.29600000000000004,0.289,0.262,135846.0,132656.0,458619,506765
2010,43,10,FL,Florida,0.42200000000000004,0.41700000000000004,0.363,5473787.0,5411106.0,12961184,14916066
2010,44,11,GA,Georgia,0.406,0.39799999999999996,0.355,2623035.0,2576161.0,6464845,7255919
2010,82,12,HI,Hawaii,0.40299999999999997,0.39899999999999997,0.36,386302.0,382563.0,959531,1062593
2010,63,13,ID,Idaho,0.429,0.423,0.39399999999999996,459079.0,452535.0,1069446,1147210
2010,21,14,IL,Illinois,0.431,0.424,0.38299999999999995,3792770.0,3729989.0,8798829,9735944
2010,22,15,IN,Indiana,0.381,0.371,0.35600000000000004,1791832.0,1744481.0,4697111,4896656
2010,31,16,IA,Iowa,0.507,0.499,0.479,1133429.0,1116063.0,2234516,2328262
2010,32,17,KS,Kansas,0.426,0.41700000000000004,0.392,857658.0,838790.0,2011497,2137815
2010,51,18,KY,Kentucky,0.44299999999999995,0.424,0.40700000000000003,1417995.0,1356468.0,3198093,3332204
2010,45,19,LA,Louisiana,0.4,0.389,0.368,1298649.0,1264994.0,3249524,3438247
2010,2,20,ME,Maine,0.5589999999999999,0.552,0.5429999999999999,580584.0,572766.0,1038201,1055605
2010,52,21,MD,Maryland,0.467,0.46399999999999997,0.418,1868179.0,1857880.0,4001034,4449617
2010,3,22,MA,Massachusetts,0.494,0.489,0.446,2319963.0,2297039.0,4693670,5152976
2010,23,23,MI,Michigan,0.451,0.445,0.42700000000000005,3268217.0,3226088.0,7245281,7555742
2010,33,24,MN,Minnesota,0.5579999999999999,0.5539999999999999,0.521,2123369.0,2107021.0,3802677,4041199
2010,34,26,MO,Missouri,0.457,0.445,0.424,1997271.0,1943899.0,4366435,4581260
2010,64,27,MT,Montana,0.484,0.475,0.46799999999999997,367096.0,360341.0,758653,770601
2010,35,28,NE,Nebraska,0.387,0.375,0.355,503514.0,487988.0,1301483,1375023
2010,65,29,NV,Nevada,0.414,0.413,0.353,723515.0,721404.0,1747288,2046400
2010,4,30,NH,New Hampshire,0.461,0.457,0.442,461423.0,456588.0,999918,1033023
2010,12,31,NJ,New Jersey,0.377,0.364,0.314,2200974.0,2121584.0,5834037,6750869
2010,66,32,NM,New Mexico,0.447,0.428,0.38799999999999996,630013.0,602827.0,1408872,1552212
2010,13,33,NY,New York,0.363,0.355,0.308,4763899.0,4658586.0,13135048,15111583
2010,47,34,NC,North Carolina,0.39799999999999996,0.392,0.364,2700706.0,2660079.0,6785463,7310093
2010,36,35,ND,North Dakota,0.466,0.462,0.45299999999999996,241039.0,238812.0,516974,527497
2010,24,36,OH,Ohio,0.462,0.449,0.436,3956028.0,3852453.0,8571952,8826908
2010,53,37,OK,Oklahoma,0.391,0.38799999999999996,0.364,1043507.0,1034767.0,2666767,2839030
2010,72,38,OR,Oregon,0.539,0.527,0.48700000000000004,1487210.0,1453548.0,2760607,2984806
2010,14,39,PA,Pennsylvania,0.424,0.41700000000000004,0.401,4055336.0,3987551.0,9565822,9946290
2010,5,40,RI,Rhode Island,0.45399999999999996,0.44799999999999995,0.41200000000000003,346357.0,342290.0,763534,829913
2010,48,41,SC,South Carolina,0.40299999999999997,0.397,0.376,1365480.0,1344198.0,3388417,3571250
2010,37,42,SD,South Dakota,0.539,0.529,0.515,323410.0,317083.0,599507,616113
2010,54,43,TN,Tennessee,0.35100000000000003,0.34600000000000003,0.32799999999999996,1620619.0,1601549.0,4622919,4878724
2010,49,44,TX,Texas,0.327,0.321,0.26899999999999996,5066957.0,4979870.0,15514007,18487369
2010,67,45,UT,Utah,0.368,0.363,0.336,653274.0,643307.0,1772934,1914974
2010,6,46,VT,Vermont,0.498,0.494,0.485,243617.0,241605.0,488942,498254
2010,40,47,VA,Virginia,0.391,0.387,0.354,2214505.0,2189841.0,5660589,6194717
2010,73,48,WA,Washington,0.5429999999999999,0.532,0.484,2565589.0,2511094.0,4724350,5190736
2010,56,49,WV,West Virginia,0.37200000000000005,0.368,0.361,536493.0,529948.0,1442003,1468812
2010,25,50,WI,Wisconsin,0.524,0.52,0.49700000000000005,2185021.0,2171331.0,4172130,4365214
2010,68,51,WY,Wyoming,0.46,0.455,0.43799999999999994,190822.0,188463.0,414536,430673
2008,0,0,US,United States,0.622,0.616,0.569,132609063.0,131304731.0,213313508,230872030
2008,41,1,AL,Alabama,0.61,0.608,0.584,2105622.0,2099819.0,3454510,3595708
2008,81,2,AK,Alaska,0.6829999999999999,0.68,0.643,327341.0,326197.0,479429,507645
2008,61,3,AZ,Arizona,0.574,0.5670000000000001,0.491,2320851.0,2293475.0,4046075,4673718
2008,42,4,AR,Arkansas,0.529,0.525,0.5,1095958.0,1086617.0,2071563,2174846
2008,71,5,CA,California,0.617,0.609,0.495,13743177.0,13561900.0,22261504,27411094
2008,62,6,CO,Colorado,0.716,0.71,0.647,2422236.0,2401361.0,3382959,3708955
2008,11,8,DE,Delaware,0.6579999999999999,0.6559999999999999,0.606,413562.0,412398.0,628200,680493
2008,55,9,DC,District of Columbia,0.617,0.615,0.552,266871.0,265853.0,432566,481971
2008,43,10,FL,Florida,0.6659999999999999,0.6609999999999999,0.5760000000000001,8453743.0,8390744.0,12687407,14558436
2008,44,11,GA,Georgia,0.627,0.625,0.556,3940705.0,3924440.0,6281872,7063638
2008,82,12,HI,Hawaii,0.49,0.488,0.43799999999999994,456064.0,453568.0,930067,1036088
2008,63,13,ID,Idaho,0.648,0.636,0.586,667506.0,655032.0,1029416,1117842
2008,21,14,IL,Illinois,0.643,0.636,0.574,5578195.0,5523051.0,8681138,9615700
2008,22,15,IN,Indiana,0.603,0.591,0.57,2805986.0,2751054.0,4653019,4826231
2008,31,16,IA,Iowa,0.6970000000000001,0.6940000000000001,0.669,1543662.0,1537123.0,2216094,2298515
2008,32,17,KS,Kansas,0.635,0.62,0.588,1264208.0,1235872.0,1991759,2100084
2008,51,18,KY,Kentucky,0.59,0.579,0.557,1858578.0,1826508.0,3152629,3277617
2008,45,19,LA,Louisiana,0.618,0.612,0.5870000000000001,1979852.0,1960761.0,3205794,3342279
2008,2,20,ME,Maine,0.718,0.706,0.696,744456.0,731163.0,1036242,1049816
2008,52,21,MD,Maryland,0.6779999999999999,0.67,0.606,2661905.0,2631596.0,3925117,4342850
2008,3,22,MA,Massachusetts,0.6729999999999999,0.6679999999999999,0.609,3102995.0,3080985.0,4612550,5058035
2008,23,23,MI,Michigan,0.6970000000000001,0.6920000000000001,0.664,5039080.0,5001766.0,7229512,7528460
2008,33,24,MN,Minnesota,0.7809999999999999,0.778,0.732,2921147.0,2910369.0,3740142,3975974
2008,34,26,MO,Missouri,0.682,0.6759999999999999,0.649,2950504.0,2925205.0,4327572,4507688
2008,64,27,MT,Montana,0.6709999999999999,0.6629999999999999,0.6509999999999999,497599.0,491960.0,741853,755384
2008,35,28,NE,Nebraska,0.637,0.629,0.594,811923.0,801281.0,1274719,1348048
2008,65,29,NV,Nevada,0.5720000000000001,0.57,0.484,970019.0,967848.0,1696831,2000277
2008,4,30,NH,New Hampshire,0.725,0.7170000000000001,0.696,719643.0,710970.0,992226,1021787
2008,12,31,NJ,New Jersey,0.677,0.67,0.5820000000000001,3910220.0,3868237.0,5776527,6651284
2008,66,32,NM,New Mexico,0.612,0.609,0.551,833365.0,830158.0,1362629,1505830
2008,13,33,NY,New York,0.596,0.59,0.514,7721718.0,7640640.0,12948969,14876971
2008,47,34,NC,North Carolina,0.6609999999999999,0.655,0.607,4354571.0,4310789.0,6584302,7096503
2008,36,35,ND,North Dakota,0.636,0.627,0.617,321133.0,316621.0,504762,512768
2008,24,36,OH,Ohio,0.6779999999999999,0.669,0.6509999999999999,5773777.0,5698260.0,8513079,8757453
2008,53,37,OK,Oklahoma,0.563,0.5579999999999999,0.528,1474694.0,1462661.0,2619121,2770219
2008,72,38,OR,Oregon,0.6829999999999999,0.677,0.627,1845251.0,1827864.0,2700327,2916246
2008,14,39,PA,Pennsylvania,0.642,0.636,0.613,6071357.0,6012692.0,9457942,9813664
2008,5,40,RI,Rhode Island,0.623,0.618,0.5710000000000001,475428.0,471766.0,763608,825786
2008,48,41,SC,South Carolina,0.5820000000000001,0.58,0.5529999999999999,1927153.0,1920969.0,3311044,3473488
2008,37,42,SD,South Dakota,0.6559999999999999,0.647,0.634,387449.0,381975.0,590720,602539
2008,54,43,TN,Tennessee,0.574,0.57,0.545,2618238.0,2599749.0,4563192,4771926
2008,67,45,UT,Utah,0.5710000000000001,0.56,0.518,971185.0,952370.0,1700286,1840087
2008,6,46,VT,Vermont,0.677,0.6729999999999999,0.66,326822.0,325046.0,482677,492610
2008,40,47,VA,Virginia,0.6759999999999999,0.67,0.618,3753059.0,3723260.0,5555415,6022123
2008,73,48,WA,Washington,0.6729999999999999,0.6659999999999999,0.603,3071587.0,3036878.0,4561163,5032960
2008,56,49,WV,West Virginia,0.512,0.499,0.491,731691.0,713362.0,1430439,1453045
2008,25,50,WI,Wisconsin,0.727,0.7240000000000001,0.693,2997086.0,2983417.0,4120694,4306876
2008,68,51,WY,Wyoming,0.631,0.628,0.609,256035.0,254658.0,405732,418040
2006,0,0,US,United States,0.413,0.40399999999999997,0.37200000000000005,85769132.0,83815592.0,207643594,225485399
2006,81,2,AK,Alaska,0.512,0.51,0.478,238307.0,237322.0,465169,492452
2006,61,3,AZ,Arizona,0.396,0.389,0.33299999999999996,1553032.0,1526782.0,3923786,4490327
2006,42,4,AR,Arkansas,0.389,0.387,0.364,780409.0,774680.0,2004193,2130080
2006,71,5,CA,California,0.41200000000000003,0.402,0.322,8899059.0,8679416.0,21582217,26739781
2006,62,6,CO,Colorado,0.48100000000000004,0.473,0.431,1586105.0,1558405.0,3297308,3569901
2006,1,7,CT,Connecticut,0.47700000000000004,0.466,0.425,1162391.0,1134780.0,2437559,2683538
2006,11,8,DE,Delaware,0.429,0.423,0.39,258053.0,254099.0,601341,659410
2006,55,9,DC,District of Columbia,0.287,0.28300000000000003,0.255,122356.0,120620.0,426612,466827
2006,43,10,FL,Florida,0.401,0.396,0.34299999999999997,4884544.0,4829270.0,12187858,14211669
2006,44,11,GA,Georgia,0.35100000000000003,0.34700000000000003,0.307,2143845.0,2122258.0,6115331,6799654
2006,82,12,HI,Hawaii,0.384,0.379,0.34600000000000003,348988.0,344315.0,908925,1012975
2006,63,13,ID,Idaho,0.462,0.45399999999999996,0.42,458927.0,450832.0,993010,1072895
2006,21,14,IL,Illinois,0.414,0.402,0.363,3586292.0,3486671.0,8667453,9483856
2006,22,15,IN,Indiana,0.377,0.366,0.35200000000000004,1719351.0,1666922.0,4559294,4743856
2006,31,16,IA,Iowa,0.49200000000000005,0.48100000000000004,0.46299999999999997,1071509.0,1048033.0,2178322,2267991
2006,32,17,KS,Kansas,0.44299999999999995,0.436,0.41100000000000003,864083.0,849700.0,1948850,2062668
2006,51,18,KY,Kentucky,0.442,0.40399999999999997,0.39,1370062.0,1253526.0,3100828,3218000
2006,45,19,LA,Louisiana,0.314,0.297,0.28300000000000003,954896.0,902498.0,3043573,3239317
2006,52,21,MD,Maryland,0.47200000000000003,0.467,0.42200000000000004,1809237.0,1788316.0,3833349,4261205
2006,3,22,MA,Massachusetts,0.493,0.488,0.444,2243835.0,2219779.0,4552794,4970780
2006,23,23,MI,Michigan,0.528,0.521,0.499,3852008.0,3801256.0,7292624,7532918
2006,33,24,MN,Minnesota,0.605,0.601,0.564,2217552.0,2202987.0,3667707,3896561
2006,34,26,MO,Missouri,0.512,0.5,0.48100000000000004,2178278.0,2128459.0,4253541,4427266
2006,64,27,MT,Montana,0.5710000000000001,0.564,0.556,411061.0,406505.0,720447,734669
2006,35,28,NE,Nebraska,0.488,0.47600000000000003,0.451,610499.0,596087.0,1251027,1325932
2006,65,29,NV,Nevada,0.371,0.369,0.311,586274.0,582572.0,1579222,1907976
2006,4,30,NH,New Hampshire,0.429,0.414,0.39899999999999997,418550.0,403531.0,975281,1006234
2006,12,31,NJ,New Jersey,0.406,0.395,0.341,2315643.0,2250070.0,5701033,6565183
2006,66,32,NM,New Mexico,0.431,0.425,0.386,568597.0,561084.0,1320285,1464560
2006,13,33,NY,New York,0.365,0.349,0.303,4703830.0,4490053.0,12878632,14665626
2006,47,34,NC,North Carolina,0.325,0.31,0.287,2036451.0,1940808.0,6264630,6799585
2006,36,35,ND,North Dakota,0.45399999999999996,0.449,0.441,220479.0,218152.0,486142,503647
2006,24,36,OH,Ohio,0.495,0.475,0.46299999999999997,4184072.0,4022754.0,8461211,8687609
2006,72,38,OR,Oregon,0.532,0.525,0.484,1399650.0,1379475.0,2628937,2829482
2006,5,40,RI,Rhode Island,0.521,0.51,0.467,392882.0,384993.0,754219,824887
2006,48,41,SC,South Carolina,0.354,0.34600000000000003,0.331,1117311.0,1091952.0,3152046,3332190
2006,37,42,SD,South Dakota,0.588,0.578,0.564,341105.0,335508.0,580592,589178
2006,54,43,TN,Tennessee,0.42100000000000004,0.414,0.395,1868363.0,1833695.0,4433921,4641909
2006,67,45,UT,Utah,0.35,0.34299999999999997,0.318,582561.0,571252.0,1664323,1752158
2006,6,46,VT,Vermont,0.55,0.5489999999999999,0.5379999999999999,263025.0,262726.0,478247,487141
2006,40,47,VA,Virginia,0.445,0.44,0.406,2398589.0,2370445.0,5385522,5867219
2006,73,48,WA,Washington,0.473,0.473,0.42700000000000005,2085074.0,2083734.0,4403981,4861001
2006,56,49,WV,West Virginia,0.33799999999999997,0.32799999999999996,0.32299999999999995,473014.0,459884.0,1401490,1439052
2006,25,50,WI,Wisconsin,0.537,0.532,0.508,2183155.0,2161700.0,4064432,4240696
2006,68,51,WY,Wyoming,0.518,0.511,0.494,196217.0,193892.0,379127,400187
2004,0,0,US,United States,0.607,0.601,0.5539999999999999,123535883.0,122294978.0,203483455,220336019
2004,41,1,AL,Alabama,0.574,0.5720000000000001,0.552,1890317.0,1883415.0,3292608,3427542
2004,81,2,AK,Alaska,0.696,0.691,0.652,314502.0,312598.0,452124,476378
2004,61,3,AZ,Arizona,0.5479999999999999,0.541,0.47,2038069.0,2012585.0,3717055,4215706
2004,42,4,AR,Arkansas,0.544,0.536,0.51,1070573.0,1054945.0,1969208,2072986
2004,71,5,CA,California,0.596,0.588,0.47100000000000003,12589367.0,12421852.0,21132533,26246548
2004,62,6,CO,Colorado,0.6729999999999999,0.667,0.612,2148036.0,2129630.0,3192647,3443164
2004,1,7,CT,Connecticut,0.662,0.65,0.597,1607808.0,1578769.0,2429634,2652587
2004,11,8,DE,Delaware,0.645,0.642,0.594,377407.0,375190.0,584817,635370
2004,55,9,DC,District of Columbia,0.5489999999999999,0.5429999999999999,0.489,230105.0,227586.0,419142,458758
2004,43,10,FL,Florida,0.647,0.644,0.561,7640319.0,7609810.0,11811921,13643828
2004,44,11,GA,Georgia,0.564,0.562,0.5,3317336.0,3301875.0,5878186,6499325
2004,82,12,HI,Hawaii,0.485,0.48200000000000004,0.441,431662.0,429013.0,889540,982882
2004,63,13,ID,Idaho,0.648,0.632,0.5870000000000001,612786.0,598376.0,946160,1016255
2004,21,14,IL,Illinois,0.624,0.615,0.557,5350493.0,5274322.0,8576696,9391420
2004,22,15,IN,Indiana,0.5579999999999999,0.5479999999999999,0.53,2512142.0,2468002.0,4504260,4660157
2004,31,16,IA,Iowa,0.706,0.6990000000000001,0.674,1521966.0,1506908.0,2156389,2239979
2004,32,17,KS,Kansas,0.629,0.616,0.583,1213108.0,1187756.0,1928764,2032763
2004,51,18,KY,Kentucky,0.594,0.5870000000000001,0.569,1816867.0,1795860.0,3057741,3157464
2004,45,19,LA,Louisiana,0.615,0.611,0.585,1956590.0,1943106.0,3182762,3379937
2004,2,20,ME,Maine,0.7490000000000001,0.738,0.726,751519.0,740752.0,1003792,1022043
2004,52,21,MD,Maryland,0.631,0.629,0.5720000000000001,2395791.0,2386705.0,3797264,4179376
2004,3,22,MA,Massachusetts,0.6459999999999999,0.642,0.5870000000000001,2927455.0,2912388.0,4533859,4935787
2004,23,23,MI,Michigan,0.6709999999999999,0.6659999999999999,0.639,4875692.0,4839252.0,7263024,7508568
2004,33,24,MN,Minnesota,0.7879999999999999,0.784,0.7390000000000001,2842912.0,2828387.0,3609185,3819020
2004,34,26,MO,Missouri,0.6609999999999999,0.653,0.629,2764635.0,2731364.0,4180960,4339414
2004,64,27,MT,Montana,0.652,0.644,0.634,456096.0,450445.0,699114,711858
2004,35,28,NE,Nebraska,0.6409999999999999,0.629,0.598,792906.0,778186.0,1236522,1305430
2004,65,29,NV,Nevada,0.5539999999999999,0.5529999999999999,0.473,831563.0,829587.0,1501437,1776962
2004,4,30,NH,New Hampshire,0.715,0.7090000000000001,0.684,683672.0,677738.0,956422,984422
2004,12,31,NJ,New Jersey,0.642,0.638,0.552,3638153.0,3611691.0,5663201,6513394
2004,66,32,NM,New Mexico,0.604,0.59,0.539,775301.0,756304.0,1282767,1411419
2004,13,33,NY,New York,0.585,0.58,0.502,7448266.0,7391249.0,12738056,14598898
2004,47,34,NC,North Carolina,0.5870000000000001,0.578,0.539,3552449.0,3501007.0,6055771,6505150
2004,36,35,ND,North Dakota,0.655,0.648,0.638,316049.0,312833.0,482722,496479
2004,24,36,OH,Ohio,0.679,0.6679999999999999,0.6509999999999999,5722443.0,5627908.0,8427696,8624277
2004,72,38,OR,Oregon,0.726,0.72,0.6679999999999999,1851671.0,1836782.0,2550887,2736472
2004,5,40,RI,Rhode Island,0.589,0.585,0.529,440228.0,437134.0,747046,827513
2004,48,41,SC,South Carolina,0.532,0.53,0.507,1626720.0,1617730.0,3055098,3198733
2004,37,42,SD,South Dakota,0.6940000000000001,0.682,0.669,394930.0,388215.0,569161,576472
2004,54,43,TN,Tennessee,0.568,0.563,0.541,2456610.0,2437319.0,4328446,4496929
2004,67,45,UT,Utah,0.598,0.589,0.547,942010.0,927844.0,1574463,1664066
2004,6,46,VT,Vermont,0.667,0.6629999999999999,0.65,314220.0,312309.0,470754,480053
2004,40,47,VA,Virginia,0.611,0.606,0.562,3223156.0,3198367.0,5277156,5699175
2004,73,48,WA,Washington,0.675,0.669,0.608,2883499.0,2859084.0,4272914,4683829
2004,56,49,WV,West Virginia,0.551,0.541,0.534,769645.0,755887.0,1396545,1425689
2004,25,50,WI,Wisconsin,0.753,0.748,0.716,3016288.0,2997007.0,4006948,4172068
2004,68,51,WY,Wyoming,0.6629999999999999,0.657,0.637,245789.0,243428.0,370785,386796
2002,0,0,US,United States,0.405,0.395,0.363,80295249.0,78381943.0,198381939,215461549
2002,81,2,AK,Alaska,0.545,0.542,0.51,232852.0,231484.0,427337,457154
2002,61,3,AZ,Arizona,0.36700000000000005,0.359,0.307,1255615.0,1226111.0,3419481,3998148
2002,42,4,AR,Arkansas,0.41700000000000004,0.413,0.397,814176.0,805696.0,1951568,2031787
2002,71,5,CA,California,0.373,0.361,0.29,7738821.0,7476351.0,20733192,25622609
2002,62,6,CO,Colorado,0.466,0.46299999999999997,0.42,1424029.0,1416093.0,3056465,3362098
2002,1,7,CT,Connecticut,0.451,0.423,0.389,1090756.0,1022942.0,2418037,2617814
2002,43,10,FL,Florida,0.45899999999999996,0.456,0.395,5143674.0,5100581.0,11194391,13005435
2002,82,12,HI,Hawaii,0.442,0.43799999999999994,0.402,385462.0,382110.0,872992,950520
2002,63,13,ID,Idaho,0.452,0.447,0.42,416533.0,411477.0,921256,970916
2002,21,14,IL,Illinois,0.428,0.414,0.377,3651808.0,3538883.0,8540965,9302571
2002,22,15,IN,Indiana,0.348,0.33899999999999997,0.33299999999999996,1562037.0,1521353.0,4494191,4587747
2002,31,16,IA,Iowa,0.48700000000000004,0.479,0.457,1040201.0,1023075.0,2136683,2214936
2002,32,17,KS,Kansas,0.449,0.44,0.414,851966.0,835692.0,1897261,2007407
2002,45,19,LA,Louisiana,0.401,0.39399999999999996,0.37799999999999995,1267225.0,1246333.0,3163663,3312330
2002,52,21,MD,Maryland,0.46799999999999997,0.46299999999999997,0.41600000000000004,1721626.0,1704560.0,3678346,4082694
2002,3,22,MA,Massachusetts,0.498,0.49200000000000005,0.444,2220301.0,2194189.0,4458820,4919958
2002,23,23,MI,Michigan,0.45,0.445,0.423,3219864.0,3177565.0,7147888,7445335
2002,64,27,MT,Montana,0.49700000000000005,0.484,0.47700000000000004,340272.0,331321.0,684572,690652
2002,65,29,NV,Nevada,0.368,0.36200000000000004,0.311,512433.0,504079.0,1391100,1640679
2002,4,30,NH,New Hampshire,0.48700000000000004,0.48100000000000004,0.46,453078.0,447135.0,930362,960401
2002,12,31,NJ,New Jersey,0.389,0.381,0.326,2161105.0,2112604.0,5549726,6448445
2002,66,32,NM,New Mexico,0.4,0.386,0.35700000000000004,502230.0,484229.0,1255086,1360130
2002,13,33,NY,New York,0.37,0.361,0.314,4690968.0,4579078.0,12679865,14504792
2002,36,35,ND,North Dakota,0.498,0.485,0.47600000000000003,237224.0,231030.0,476251,486797
2002,24,36,OH,Ohio,0.40299999999999997,0.38799999999999996,0.376,3356285.0,3228992.0,8322521,8556557
2002,72,38,OR,Oregon,0.518,0.508,0.47200000000000003,1293756.0,1267221.0,2495739,2674581
2002,5,40,RI,Rhode Island,0.45399999999999996,0.447,0.401,337027.0,331834.0,741776,819310
2002,37,42,SD,South Dakota,0.612,0.607,0.597,340407.0,337497.0,556154,564305
2002,49,44,TX,Texas,0.345,0.342,0.28800000000000003,4552059.0,4514012.0,13181016,15718593
2002,67,45,UT,Utah,0.37799999999999995,0.37,0.35,568290.0,557153.0,1504529,1601707
2002,6,46,VT,Vermont,0.494,0.488,0.48100000000000004,232993.0,230161.0,471403,472402
2002,40,47,VA,Virginia,0.32299999999999995,0.29,0.26899999999999996,1661915.0,1489422.0,5138270,5536511
2002,73,48,WA,Washington,0.435,0.418,0.379,1808720.0,1739116.0,4162032,4553733
2002,56,49,WV,West Virginia,0.315,0.312,0.308,440156.0,436183.0,1398124,1413580
2002,68,51,WY,Wyoming,0.508,0.501,0.49200000000000005,188028.0,185459.0,370488,376121
2000,0,0,US,United States,0.5529999999999999,0.542,0.5,107390107.0,105375486.0,194331436,210623408
2000,81,2,AK,Alaska,0.687,0.6809999999999999,0.65,287825.0,285560.0,419111,440296
2000,61,3,AZ,Arizona,0.46399999999999997,0.456,0.402,1559520.0,1532016.0,3357701,3816498
2000,71,5,CA,California,0.5660000000000001,0.557,0.441,11142843.0,10965849.0,19685258,24867252
2000,1,7,CT,Connecticut,0.625,0.619,0.5660000000000001,1474103.0,1459525.0,2357687,2575243
2000,43,10,FL,Florida,0.575,0.5589999999999999,0.479,6138765.0,5963110.0,10667193,12475387
2000,44,11,GA,Georgia,0.47600000000000003,0.45799999999999996,0.424,2684951.0,2583208.0,5639668,6087332
2000,82,12,HI,Hawaii,0.446,0.442,0.39899999999999997,371113.0,367951.0,832642,923737
2000,63,13,ID,Idaho,0.589,0.5720000000000001,0.535,516647.0,501615.0,877406,935443
2000,21,14,IL,Illinois,0.585,0.562,0.514,4932192.0,4742123.0,8432600,9208908
2000,22,15,IN,Indiana,0.508,0.493,0.483,2246348.0,2182295.0,4424909,4527523
2000,32,17,KS,Kansas,0.5670000000000001,0.556,0.54,1092716.0,1072216.0,1927950,1983933
2000,51,18,KY,Kentucky,0.531,0.522,0.504,1568058.0,1544107.0,2955628,3059582
2000,45,19,LA,Louisiana,0.5670000000000001,0.564,0.542,1776133.0,1765656.0,3130267,3260060
2000,52,21,MD,Maryland,0.5579999999999999,0.555,0.51,2036455.0,2025480.0,3649631,3972224
2000,3,22,MA,Massachusetts,0.606,0.599,0.5539999999999999,2736006.0,2704984.0,4517052,4870470
2000,23,23,MI,Michigan,0.605,0.599,0.573,4279299.0,4232501.0,7070702,7370524
2000,33,24,MN,Minnesota,0.701,0.695,0.664,2458303.0,2438657.0,3506432,3662005
2000,64,27,MT,Montana,0.626,0.616,0.606,417916.0,410986.0,667525,676065
2000,35,28,NE,Nebraska,0.578,0.569,0.55,707223.0,696983.0,1224178,1266496
2000,65,29,NV,Nevada,0.456,0.452,0.402,613360.0,608970.0,1346116,1523209
2000,4,30,NH,New Hampshire,0.65,0.639,0.607,578656.0,569081.0,890622,934176
2000,12,31,NJ,New Jersey,0.588,0.569,0.501,3293378.0,3187226.0,5601788,6356954
2000,66,32,NM,New Mexico,0.499,0.485,0.45399999999999996,615607.0,598605.0,1234088,1318129
2000,13,33,NY,New York,0.562,0.551,0.475,6960215.0,6821999.0,12380208,14344348
2000,47,34,NC,North Carolina,0.525,0.507,0.475,3015964.0,2911262.0,5744241,6143214
2000,36,35,ND,North Dakota,0.611,0.603,0.597,292249.0,288256.0,477968,482078
2000,24,36,OH,Ohio,0.578,0.5670000000000001,0.5539999999999999,4795989.0,4705457.0,8295592,8487355
2000,72,38,OR,Oregon,0.659,0.649,0.591,1559215.0,1533968.0,2364402,2595354
2000,5,40,RI,Rhode Island,0.547,0.542,0.507,412074.0,408783.0,753877,804417
2000,48,41,SC,South Carolina,0.48700000000000004,0.47,0.457,1433533.0,1382717.0,2944326,3025380
2000,37,42,SD,South Dakota,0.5870000000000001,0.5770000000000001,0.569,322159.0,316269.0,548498,554875
2000,54,43,TN,Tennessee,0.505,0.499,0.48100000000000004,2100241.0,2076181.0,4162996,4316391
2000,49,44,TX,Texas,0.49200000000000005,0.49200000000000005,0.424,6407637.0,6407037.0,13033081,15138468
2000,67,45,UT,Utah,0.5479999999999999,0.5379999999999999,0.503,784582.0,770754.0,1431668,1534950
2000,6,46,VT,Vermont,0.647,0.6409999999999999,0.631,297146.0,294308.0,459174,463503
2000,40,47,VA,Virginia,0.55,0.54,0.509,2789808.0,2739447.0,5069265,5389008
2000,73,48,WA,Washington,0.614,0.607,0.562,2517028.0,2487433.0,4098044,4419907
2000,68,51,WY,Wyoming,0.614,0.5920000000000001,0.5820000000000001,221685.0,213726.0,361078,366639
1998,0,0,US,United States,0.39299999999999996,0.381,0.353,74825832.0,72537000.0,190419570,205313182
1998,81,2,AK,Alaska,0.556,0.546,0.52,227156.0,223300.0,408758,429317
1998,61,3,AZ,Arizona,0.321,0.315,0.28,1037550.0,1017616.0,3232815,3628841
1998,71,5,CA,California,0.447,0.435,0.35,8617649.0,8381871.0,19264556,23980067
1998,1,7,CT,Connecticut,0.43700000000000006,0.42700000000000005,0.39299999999999996,1022453.0,999537.0,2340956,2544417
1998,55,9,DC,District of Columbia,0.345,0.34,0.299,137523.0,135501.0,398318,452668
1998,43,10,FL,Florida,0.384,0.374,0.33,4070262.0,3965751.0,10590870,12001902
1998,44,11,GA,Georgia,0.34600000000000003,0.337,0.308,1842145.0,1792880.0,5326337,5828114
1998,82,12,HI,Hawaii,0.496,0.49,0.44799999999999995,412520.0,407556.0,832172,910645
1998,63,13,ID,Idaho,0.45799999999999996,0.452,0.425,386720.0,381248.0,843914,896422
1998,21,14,IL,Illinois,0.42700000000000005,0.41,0.374,3541379.0,3394521.0,8285614,9070725
1998,22,15,IN,Indiana,0.37200000000000005,0.365,0.35600000000000004,1618689.0,1588617.0,4348730,4457578
1998,31,16,IA,Iowa,0.461,0.45299999999999996,0.439,973032.0,956415.0,2112132,2176940
1998,32,17,KS,Kansas,0.397,0.38799999999999996,0.37200000000000005,743288.0,727236.0,1873438,1955236
1998,51,18,KY,Kentucky,0.415,0.391,0.382,1215053.0,1145414.0,2930780,2999287
1998,45,19,LA,Louisiana,0.32,0.313,0.301,990243.0,969165.0,3097660,3216121
1998,52,21,MD,Maryland,0.436,0.43,0.396,1556994.0,1535978.0,3571087,3879108
1998,3,22,MA,Massachusetts,0.43700000000000006,0.43,0.397,1935277.0,1903336.0,4430939,4793966
1998,23,23,MI,Michigan,0.449,0.434,0.41700000000000004,3143432.0,3036886.0,7005306,7276123
1998,33,24,MN,Minnesota,0.623,0.619,0.588,2105343.0,2091766.0,3378089,3555108
1998,64,27,MT,Montana,0.518,0.507,0.5,338733.0,331551.0,653998,662582
1998,35,28,NE,Nebraska,0.486,0.455,0.43700000000000006,581775.0,545238.0,1197953,1247656
1998,65,29,NV,Nevada,0.35700000000000004,0.353,0.311,440042.0,435790.0,1233386,1402851
1998,4,30,NH,New Hampshire,0.376,0.363,0.353,330555.0,318940.0,878508,903630
1998,12,31,NJ,New Jersey,0.344,0.32899999999999996,0.29,1894496.0,1813094.0,5505229,6261197
1998,66,32,NM,New Mexico,0.431,0.41600000000000004,0.38799999999999996,517355.0,498703.0,1199320,1286104
1998,13,33,NY,New York,0.40700000000000003,0.386,0.335,4989877.0,4735236.0,12263356,14139223
1998,36,35,ND,North Dakota,0.457,0.449,0.44299999999999995,217584.0,213358.0,475629,481790
1998,24,36,OH,Ohio,0.429,0.413,0.40399999999999997,3534782.0,3404351.0,8237516,8424249
1998,72,38,OR,Oregon,0.49,0.47200000000000003,0.442,1160400.0,1117747.0,2370381,2526500
1998,5,40,RI,Rhode Island,0.428,0.423,0.38799999999999996,309835.0,306445.0,723772,790726
1998,48,41,SC,South Carolina,0.387,0.381,0.36700000000000005,1092430.0,1077135.0,2825173,2931120
1998,37,42,SD,South Dakota,0.498,0.49,0.483,266355.0,262111.0,534711,543074
1998,54,43,TN,Tennessee,0.251,0.239,0.231,1026017.0,976236.0,4092745,4217608
1998,67,45,UT,Utah,0.36700000000000005,0.358,0.337,506553.0,494909.0,1381989,1467078
1998,6,46,VT,Vermont,0.504,0.49,0.48100000000000004,224382.0,218120.0,444772,453574
1998,73,48,WA,Washington,0.493,0.484,0.44299999999999995,1939421.0,1902482.0,3930400,4294765
1998,56,49,WV,West Virginia,0.292,0.253,0.25,405139.0,351277.0,1388176,1403549
1998,68,51,WY,Wyoming,0.51,0.499,0.48700000000000004,178401.0,174888.0,350136,359119
1996,81,2,AK,Alaska,0.607,0.598,0.57,245212.0,241620.0,404180,423702
1996,61,3,AZ,Arizona,0.465,0.456,0.41100000000000003,1431342.0,1404405.0,3079908,3414380
1996,71,5,CA,California,0.55,0.537,0.434,10263490.0,10019484.0,18644593,23076427
1996,1,7,CT,Connecticut,0.604,0.596,0.551,1410746.0,1392614.0,2337160,2528212
1996,11,8,DE,Delaware,0.525,0.512,0.484,277418.0,270810.0,528630,559598
1996,55,9,DC,District of Columbia,0.474,0.466,0.413,189210.0,185726.0,398839,450182
1996,43,10,FL,Florida,0.5329999999999999,0.519,0.461,5444245.0,5300927.0,10219294,11509122
1996,44,11,GA,Georgia,0.45799999999999996,0.444,0.414,2374650.0,2298899.0,5181708,5555577
1996,82,12,HI,Hawaii,0.451,0.439,0.402,370230.0,360120.0,820055,895753
1996,63,13,ID,Idaho,0.616,0.593,0.5720000000000001,508030.0,489481.0,825329,856420
1996,21,14,IL,Illinois,0.5379999999999999,0.525,0.483,4418270.0,4311391.0,8215662,8927254
1996,22,15,IN,Indiana,0.51,0.496,0.486,2195224.0,2135431.0,4302745,4397367
1996,31,16,IA,Iowa,0.597,0.588,0.573,1251983.0,1234075.0,2098332,2154320
1996,32,17,KS,Kansas,0.578,0.573,0.5529999999999999,1073520.0,1063452.0,1856507,1922601
1996,51,18,KY,Kentucky,0.493,0.48200000000000004,0.473,1419592.0,1388707.0,2880808,2938362
1996,45,19,LA,Louisiana,0.584,0.578,0.564,1804640.0,1783959.0,3087693,3163302
1996,52,21,MD,Maryland,0.508,0.504,0.467,1793991.0,1780870.0,3530148,3817454
1996,3,22,MA,Massachusetts,0.593,0.584,0.542,2600278.0,2559180.0,4385268,4723380
1996,23,23,MI,Michigan,0.563,0.5529999999999999,0.534,3912261.0,3848844.0,6954059,7201527
1996,33,24,MN,Minnesota,0.6659999999999999,0.6609999999999999,0.631,2211161.0,2192640.0,3319509,3473117
1996,64,27,MT,Montana,0.647,0.631,0.623,417232.0,407083.0,645052,652991
1996,35,28,NE,Nebraska,0.578,0.57,0.551,686749.0,677415.0,1188034,1230047
1996,65,29,NV,Nevada,0.41200000000000003,0.409,0.365,467657.0,464279.0,1134065,1271617
1996,4,30,NH,New Hampshire,0.601,0.583,0.568,513700.0,499053.0,855287,878569
1996,12,31,NJ,New Jersey,0.569,0.564,0.5,3105110.0,3075860.0,5456334,6152216
1996,66,32,NM,New Mexico,0.495,0.474,0.445,579763.0,556074.0,1172262,1249597
1996,13,33,NY,New York,0.529,0.519,0.45299999999999996,6439129.0,6316129.0,12175850,13942462
1996,36,35,ND,North Dakota,0.5710000000000001,0.56,0.5529999999999999,271850.0,266411.0,475898,481497
1996,24,36,OH,Ohio,0.5670000000000001,0.5539999999999999,0.542,4638108.0,4534434.0,8185999,8366250
1996,53,37,OK,Oklahoma,0.514,0.51,0.49,1218248.0,1206713.0,2368311,2461718
1996,72,38,OR,Oregon,0.606,0.597,0.563,1399180.0,1377760.0,2309051,2445442
1996,48,41,SC,South Carolina,0.441,0.42200000000000004,0.408,1203486.0,1151422.0,2731064,2825088
1996,37,42,SD,South Dakota,0.622,0.611,0.603,329316.0,323826.0,529793,537038
1996,67,45,UT,Utah,0.521,0.502,0.47700000000000004,691016.0,665629.0,1326919,1394017
1996,6,46,VT,Vermont,0.6,0.593,0.5820000000000001,261469.0,258449.0,435687,443874
1996,40,47,VA,Virginia,0.513,0.502,0.473,2468229.0,2416642.0,4811632,5106297
1996,73,48,WA,Washington,0.599,0.589,0.5429999999999999,2293895.0,2253867.0,3829308,4147127
1996,56,49,WV,West Virginia,0.47100000000000003,0.45899999999999996,0.455,653331.0,636459.0,1386621,1400343
1996,68,51,WY,Wyoming,0.625,0.613,0.599,215844.0,211571.0,345112,353354
1994,81,2,AK,Alaska,0.542,0.534,0.512,216668.0,213404.0,399435,417053
1994,61,3,AZ,Arizona,0.39899999999999997,0.391,0.35600000000000004,1153724.0,1129607.0,2892171,3169857
1994,71,5,CA,California,0.48200000000000004,0.469,0.381,8900593.0,8658881.0,18479124,22721586
1994,62,6,CO,Colorado,0.44299999999999995,0.42100000000000004,0.401,1173130.0,1116307.0,2648684,2785952
1994,1,7,CT,Connecticut,0.498,0.491,0.456,1163829.0,1147084.0,2335579,2515100
1994,11,8,DE,Delaware,0.39299999999999996,0.38799999999999996,0.368,201560.0,199029.0,512941,540474
1994,55,9,DC,District of Columbia,0.452,0.446,0.396,186316.0,183649.0,411886,463680
1994,43,10,FL,Florida,0.439,0.429,0.382,4305340.0,4206659.0,9810247,11016840
1994,82,12,HI,Hawaii,0.466,0.456,0.418,377011.0,369013.0,808904,882189
1994,63,13,ID,Idaho,0.535,0.527,0.51,419330.0,413346.0,784076,809957
1994,21,14,IL,Illinois,0.39399999999999996,0.38,0.35200000000000004,3219122.0,3106566.0,8175312,8819582
1994,22,15,IN,Indiana,0.38,0.364,0.358,1609481.0,1543568.0,4235008,4315664
1994,31,16,IA,Iowa,0.49200000000000005,0.48,0.469,1022372.0,997248.0,2077709,2128370
1994,32,17,KS,Kansas,0.455,0.447,0.434,836251.0,820846.0,1837694,1893521
1994,51,18,KY,Kentucky,0.292,0.27699999999999997,0.272,827541.0,784299.0,2829881,2879413
1994,45,19,LA,Louisiana,0.294,0.272,0.266,893758.0,826837.0,3038660,3109456
1994,52,21,MD,Maryland,0.413,0.405,0.376,1437450.0,1410299.0,3480270,3751305
1994,3,22,MA,Massachusetts,0.513,0.501,0.467,2232186.0,2179945.0,4353287,4668100
1994,23,23,MI,Michigan,0.46299999999999997,0.451,0.436,3177740.0,3089077.0,6856388,7081498
1994,33,24,MN,Minnesota,0.552,0.545,0.524,1794618.0,1772929.0,3253779,3385687
1994,46,25,MS,Mississippi,0.326,0.319,0.314,621096.0,608085.0,1903794,1935054
1994,64,27,MT,Montana,0.578,0.563,0.557,359455.0,350387.0,622246,629335
1994,35,28,NE,Nebraska,0.51,0.498,0.48200000000000004,593654.0,579561.0,1164502,1201826
1994,65,29,NV,Nevada,0.374,0.369,0.33299999999999996,386582.0,380530.0,1032456,1143487
1994,4,30,NH,New Hampshire,0.385,0.376,0.366,319443.0,311882.0,829590,851104
1994,12,31,NJ,New Jersey,0.395,0.381,0.33899999999999997,2131328.0,2054887.0,5392423,6059401
1994,66,32,NM,New Mexico,0.431,0.414,0.391,485709.0,467621.0,1128243,1195183
1994,13,33,NY,New York,0.43700000000000006,0.42700000000000005,0.375,5325323.0,5203762.0,12192316,13861352
1994,36,35,ND,North Dakota,0.513,0.504,0.499,240430.0,236547.0,468989,473993
1994,24,36,OH,Ohio,0.435,0.423,0.414,3540954.0,3436884.0,8132122,8292312
1994,53,37,OK,Oklahoma,0.431,0.42700000000000005,0.413,1002363.0,995012.0,2327519,2410272
1994,72,38,OR,Oregon,0.563,0.5479999999999999,0.521,1254265.0,1221010.0,2229242,2344505
1994,48,41,SC,South Carolina,0.35700000000000004,0.35100000000000003,0.34,951901.0,934886.0,2663830,2747987
1994,37,42,SD,South Dakota,0.613,0.601,0.594,318090.0,311613.0,518815,524910
1994,67,45,UT,Utah,0.42700000000000005,0.415,0.39799999999999996,532737.0,517790.0,1248726,1302522
1994,6,46,VT,Vermont,0.508,0.495,0.48700000000000004,216715.0,211449.0,426953,434549
1994,73,48,WA,Washington,0.467,0.45799999999999996,0.426,1733471.0,1700173.0,3715174,3994036
1994,56,49,WV,West Virginia,0.319,0.305,0.302,439551.0,420936.0,1379339,1392499
1994,68,51,WY,Wyoming,0.605,0.598,0.586,204025.0,201710.0,337032,344492
1992,81,2,AK,Alaska,0.6709999999999999,0.6629999999999999,0.636,261427.0,258506.0,389898,406653
1992,61,3,AZ,Arizona,0.5670000000000001,0.557,0.513,1516276.0,1486975.0,2671933,2897181
1992,71,5,CA,California,0.616,0.603,0.493,11374565.0,11131721.0,18460157,22573381
1992,62,6,CO,Colorado,0.64,0.629,0.603,1597166.0,1569180.0,2494998,2602217
1992,1,7,CT,Connecticut,0.698,0.6859999999999999,0.6409999999999999,1645609.0,1616332.0,2356937,2521774
1992,11,8,DE,Delaware,0.583,0.58,0.5529999999999999,290836.0,289735.0,499266,523661
1992,55,9,DC,District of Columbia,0.542,0.5329999999999999,0.47700000000000004,231445.0,227572.0,427102,477564
1992,43,10,FL,Florida,0.5720000000000001,0.5589999999999999,0.502,5438612.0,5314392.0,9506230,10591116
1992,82,12,HI,Hawaii,0.48200000000000004,0.469,0.43,382882.0,372842.0,795148,866114
1992,63,13,ID,Idaho,0.669,0.6559999999999999,0.638,491725.0,482142.0,734855,756119
1992,21,14,IL,Illinois,0.636,0.622,0.581,5164357.0,5050157.0,8113900,8688184
1992,22,15,IN,Indiana,0.564,0.5539999999999999,0.545,2347912.0,2305871.0,4162678,4230602
1992,31,16,IA,Iowa,0.6609999999999999,0.6579999999999999,0.645,1360856.0,1354607.0,2057690,2098809
1992,32,17,KS,Kansas,0.6409999999999999,0.639,0.623,1161044.0,1157335.0,1810750,1857444
1992,45,19,LA,Louisiana,0.6,0.597,0.584,1799596.0,1790017.0,2997301,3063068
1992,52,21,MD,Maryland,0.581,0.5770000000000001,0.537,1999486.0,1985046.0,3440015,3695298
1992,3,22,MA,Massachusetts,0.649,0.638,0.598,2822962.0,2773700.0,4346897,4640629
1992,23,23,MI,Michigan,0.64,0.63,0.611,4341909.0,4274673.0,6786593,6990822
1992,33,24,MN,Minnesota,0.7390000000000001,0.737,0.7120000000000001,2355796.0,2347948.0,3187255,3298080
1992,46,25,MS,Mississippi,0.5429999999999999,0.529,0.522,1008019.0,981793.0,1854797,1882100
1992,64,27,MT,Montana,0.7040000000000001,0.6920000000000001,0.685,417564.0,410611.0,593345,599859
1992,35,28,NE,Nebraska,0.648,0.642,0.626,744548.0,737546.0,1149525,1178965
1992,65,29,NV,Nevada,0.546,0.539,0.493,513387.0,506318.0,940066,1028056
1992,4,30,NH,New Hampshire,0.67,0.6609999999999999,0.645,545197.0,537943.0,814160,833997
1992,12,31,NJ,New Jersey,0.62,0.619,0.557,3348312.0,3343594.0,5398559,6000364
1992,66,32,NM,New Mexico,0.55,0.531,0.504,590901.0,569986.0,1073421,1131081
1992,13,33,NY,New York,0.578,0.5660000000000001,0.502,7068630.0,6926925.0,12227775,13799670
1992,36,35,ND,North Dakota,0.6809999999999999,0.6659999999999999,0.66,315199.0,308133.0,462631,467130
1992,24,36,OH,Ohio,0.625,0.613,0.602,5043094.0,4939967.0,8063595,8208502
1992,53,37,OK,Oklahoma,0.635,0.606,0.588,1455635.0,1390359.0,2293931,2366029
1992,72,38,OR,Oregon,0.6990000000000001,0.682,0.653,1498959.0,1462643.0,2144867,2241507
1992,48,41,SC,South Carolina,0.473,0.461,0.44799999999999995,1234712.0,1202527.0,2610725,2683852
1992,67,45,UT,Utah,0.675,0.64,0.618,784988.0,743999.0,1162363,1203861
1992,6,46,VT,Vermont,0.6970000000000001,0.69,0.679,292797.0,289701.0,419810,426860
1992,73,48,WA,Washington,0.65,0.64,0.598,2324907.0,2288230.0,3575852,3827227
1992,68,51,WY,Wyoming,0.628,0.619,0.606,203602.0,200617.0,324253,331170
1990,81,2,AK,Alaska,0.542,0.534,0.513,197540.0,194750.0,364419,379863
1990,61,3,AZ,Arizona,0.434,0.418,0.39,1094735.0,1055406.0,2523614,2705468
1990,71,5,CA,California,0.435,0.424,0.349,7899131.0,7699420.0,18156500,22061053
1990,62,6,CO,Colorado,0.442,0.43200000000000005,0.418,1046139.0,1022027.0,2366650,2447513
1990,1,7,CT,Connecticut,0.486,0.479,0.45,1159361.0,1141101.0,2383795,2538398
1990,11,8,DE,Delaware,0.37799999999999995,0.37,0.355,183977.0,180152.0,486760,507016
1990,55,9,DC,District of Columbia,0.389,0.38299999999999995,0.345,171677.0,169066.0,441742,489808
1990,82,12,HI,Hawaii,0.45899999999999996,0.45399999999999996,0.41700000000000004,354144.0,349666.0,770836,838633
1990,63,13,ID,Idaho,0.47600000000000003,0.465,0.45299999999999996,328340.0,320610.0,690154,707535
1990,21,14,IL,Illinois,0.426,0.406,0.382,3420720.0,3257410.0,8029525,8535069
1990,22,15,IN,Indiana,0.384,0.368,0.363,1566371.0,1502687.0,4080236,4135602
1990,31,16,IA,Iowa,0.495,0.484,0.47600000000000003,1004908.0,983933.0,2030935,2065490
1990,32,17,KS,Kansas,0.452,0.441,0.43200000000000005,805251.0,786096.0,1783412,1821368
1990,52,21,MD,Maryland,0.345,0.327,0.306,1170867.0,1111088.0,3397126,3632477
1990,3,22,MA,Massachusetts,0.5529999999999999,0.534,0.503,2424579.0,2341990.0,4384671,4660342
1990,23,23,MI,Michigan,0.395,0.38299999999999995,0.373,2641649.0,2564563.0,6693069,6872954
1990,33,24,MN,Minnesota,0.588,0.5760000000000001,0.56,1843104.0,1806777.0,3136830,3225335
1990,64,27,MT,Montana,0.57,0.557,0.551,326652.0,319336.0,573045,579158
1990,35,28,NE,Nebraska,0.534,0.525,0.514,604195.0,593828.0,1131746,1154859
1990,65,29,NV,Nevada,0.38,0.374,0.34600000000000003,325959.0,320743.0,858018,926572
1990,4,30,NH,New Hampshire,0.37799999999999995,0.36200000000000004,0.354,307700.0,294819.0,814549,832887
1990,12,31,NJ,New Jersey,0.368,0.35700000000000004,0.326,1998894.0,1938454.0,5429251,5951541
1990,66,32,NM,New Mexico,0.418,0.4,0.382,429509.0,411236.0,1026902,1076522
1990,13,33,NY,New York,0.35,0.331,0.295,4290261.0,4056896.0,12271903,13742688
1990,36,35,ND,North Dakota,0.52,0.507,0.502,240301.0,233973.0,461711,465851
1990,24,36,OH,Ohio,0.45399999999999996,0.436,0.429,3620469.0,3477650.0,7975680,8103382
1990,53,37,OK,Oklahoma,0.413,0.405,0.39399999999999996,929639.0,911314.0,2251719,2313340
1990,72,38,OR,Oregon,0.551,0.541,0.521,1133125.0,1112847.0,2057833,2137314
1990,5,40,RI,Rhode Island,0.517,0.502,0.466,375188.0,364052.0,725084,780448
1990,48,41,SC,South Carolina,0.313,0.3,0.293,793614.0,760965.0,2537384,2598170
1990,67,45,UT,Utah,0.42200000000000004,0.40700000000000003,0.396,457983.0,442213.0,1086050,1116922
1990,6,46,VT,Vermont,0.523,0.509,0.501,217384.0,211422.0,415564,422130
1990,73,48,WA,Washington,0.39799999999999996,0.384,0.361,1362651.0,1313217.0,3421256,3634031
1990,68,51,WY,Wyoming,0.525,0.512,0.502,164309.0,160109.0,312961,319255
1988,81,2,AK,Alaska,0.573,0.564,0.542,203433.0,200116.0,355023,369260
1988,61,3,AZ,Arizona,0.491,0.47700000000000004,0.449,1204169.0,1171873.0,2454254,2609995
1988,71,5,CA,California,0.575,0.557,0.465,10194539.0,9887065.0,17738700,21249801
1988,62,6,CO,Colorado,0.608,0.59,0.573,1416265.0,1372394.0,2327768,2396786
1988,1,7,CT,Connecticut,0.614,0.607,0.5720000000000001,1461962.0,1443394.0,2379699,2525021
1988,11,8,DE,Delaware,0.54,0.529,0.51,254973.0,249891.0,472441,489696
1988,55,9,DC,District of Columbia,0.435,0.425,0.384,197135.0,192877.0,453636,502362
1988,82,12,HI,Hawaii,0.498,0.479,0.441,368567.0,354461.0,739890,803568
1988,63,13,ID,Idaho,0.631,0.613,0.599,421213.0,408968.0,667345,682522
1988,21,14,IL,Illinois,0.591,0.573,0.542,4697192.0,4559120.0,7950848,8410414
1988,22,15,IN,Indiana,0.556,0.5429999999999999,0.536,2222811.0,2168621.0,3996319,4045785
1988,31,16,IA,Iowa,0.614,0.606,0.597,1240854.0,1225614.0,2021793,2052326
1988,52,21,MD,Maryland,0.525,0.516,0.485,1747350.0,1714358.0,3325582,3535730
1988,3,22,MA,Massachusetts,0.613,0.6,0.5670000000000001,2689857.0,2632801.0,4385728,4642061
1988,23,23,MI,Michigan,0.5670000000000001,0.555,0.542,3745751.0,3669163.0,6608812,6773776
1988,33,24,MN,Minnesota,0.688,0.679,0.662,2125119.0,2096790.0,3087194,3166668
1988,64,27,MT,Montana,0.667,0.644,0.637,378981.0,365674.0,568014,573791
1988,35,28,NE,Nebraska,0.603,0.588,0.578,678669.0,661465.0,1125252,1144305
1988,65,29,NV,Nevada,0.461,0.456,0.425,354261.0,350067.0,768131,823940
1988,4,30,NH,New Hampshire,0.578,0.564,0.552,462503.0,451074.0,800468,817358
1988,12,31,NJ,New Jersey,0.5710000000000001,0.57,0.525,3102502.0,3099553.0,5435008,5904776
1988,66,32,NM,New Mexico,0.534,0.52,0.498,535694.0,521287.0,1002876,1046754
1988,13,33,NY,New York,0.54,0.527,0.475,6636310.0,6485683.0,12300666,13659215
1988,36,35,ND,North Dakota,0.662,0.637,0.632,309100.0,297261.0,466684,470652
1988,24,36,OH,Ohio,0.573,0.5579999999999999,0.55,4505284.0,4393585.0,7869099,7986220
1988,53,37,OK,Oklahoma,0.531,0.521,0.509,1192815.0,1171036.0,2245785,2300258
1988,72,38,OR,Oregon,0.623,0.606,0.585,1235199.0,1201694.0,1982355,2055379
1988,5,40,RI,Rhode Island,0.5760000000000001,0.561,0.525,415963.0,404620.0,721773,771407
1988,48,41,SC,South Carolina,0.425,0.402,0.39399999999999996,1041846.0,986009.0,2453644,2504635
1988,67,45,UT,Utah,0.634,0.62,0.605,661546.0,647008.0,1043170,1069800
1988,6,46,VT,Vermont,0.667,0.601,0.5920000000000001,270148.0,243328.0,404795,411136
1988,73,48,WA,Washington,0.586,0.568,0.5379999999999999,1923043.0,1865253.0,3282173,3465082
1988,68,51,WY,Wyoming,0.5920000000000001,0.56,0.551,186417.0,176551.0,315073,320695
1986,81,2,AK,Alaska,0.519,0.514,0.496,182526.0,180801.0,351841,364871
1986,61,3,AZ,Arizona,0.384,0.374,0.353,889668.0,866984.0,2319046,2452624
1986,71,5,CA,California,0.444,0.434,0.368,7617142.0,7443551.0,17166275,20222886
1986,62,6,CO,Colorado,0.475,0.45899999999999996,0.447,1096867.0,1060765.0,2309652,2372880
1986,1,7,CT,Connecticut,0.43700000000000006,0.424,0.401,1025605.0,993692.0,2344327,2479722
1986,11,8,DE,Delaware,0.363,0.353,0.341,165563.0,160757.0,455609,470828
1986,55,9,DC,District of Columbia,0.28800000000000003,0.28300000000000003,0.259,134158.0,131802.0,465993,508553
1986,82,12,HI,Hawaii,0.48100000000000004,0.467,0.431,344416.0,334115.0,715459,775534
1986,63,13,ID,Idaho,0.593,0.584,0.5720000000000001,392909.0,387426.0,663126,677205
1986,21,14,IL,Illinois,0.42,0.397,0.377,3322657.0,3144185.0,7912733,8343755
1986,22,15,IN,Indiana,0.41100000000000003,0.39399999999999996,0.39,1619005.0,1555505.0,3943714,3990379
1986,31,16,IA,Iowa,0.456,0.451,0.444,922094.0,910623.0,2020678,2049547
1986,52,21,MD,Maryland,0.361,0.34600000000000003,0.327,1161136.0,1112637.0,3216833,3401061
1986,3,22,MA,Massachusetts,0.41100000000000003,0.389,0.369,1777276.0,1684079.0,4326264,4560556
1986,23,23,MI,Michigan,0.37799999999999995,0.368,0.359,2468009.0,2396564.0,6520661,6674856
1986,33,24,MN,Minnesota,0.48200000000000004,0.46799999999999997,0.45799999999999996,1456579.0,1415989.0,3024070,3089544
1986,64,27,MT,Montana,0.5710000000000001,0.556,0.55,326436.0,317862.0,572113,577604
1986,35,28,NE,Nebraska,0.515,0.503,0.495,577916.0,564422.0,1123099,1141336
1986,65,29,NV,Nevada,0.37799999999999995,0.374,0.35100000000000003,264365.0,261932.0,700192,747283
1986,4,30,NH,New Hampshire,0.33799999999999997,0.33,0.324,257410.0,250966.0,760526,775686
1986,12,31,NJ,New Jersey,0.304,0.28800000000000003,0.267,1639330.0,1553544.0,5396487,5819614
1986,66,32,NM,New Mexico,0.414,0.4,0.385,408621.0,394833.0,987220,1026160
1986,13,33,NY,New York,0.365,0.35,0.318,4481718.0,4293971.0,12263480,13512043
1986,36,35,ND,North Dakota,0.623,0.61,0.605,295177.0,289013.0,473962,477812
1986,24,36,OH,Ohio,0.466,0.401,0.396,3628870.0,3121189.0,7781083,7891503
1986,53,37,OK,Oklahoma,0.408,0.397,0.38799999999999996,934447.0,909925.0,2290182,2343190
1986,72,38,OR,Oregon,0.564,0.5489999999999999,0.532,1088140.0,1059630.0,1928782,1990233
1986,5,40,RI,Rhode Island,0.45399999999999996,0.43,0.40399999999999997,322724.0,305663.0,711034,756297
1986,48,41,SC,South Carolina,0.319,0.315,0.309,763493.0,753751.0,2393329,2437430
1986,67,45,UT,Utah,0.435,0.425,0.415,445499.0,435111.0,1024337,1049339
1986,6,46,VT,Vermont,0.5429999999999999,0.505,0.49700000000000005,211709.0,196716.0,389843,396034
1986,73,48,WA,Washington,0.431,0.424,0.40399999999999997,1358160.0,1337367.0,3151152,3310457
1986,56,49,WV,West Virginia,0.32799999999999996,0.299,0.297,449249.0,410131.0,1370305,1380916
1986,68,51,WY,Wyoming,0.513,0.501,0.493,168615.0,164720.0,328971,334385
1984,81,2,AK,Alaska,0.621,0.605,0.586,213173.0,207605.0,343030,354410
1984,61,3,AZ,Arizona,0.489,0.47700000000000004,0.45299999999999996,1051339.0,1025897.0,2151391,2263826
1984,71,5,CA,California,0.589,0.5720000000000001,0.493,9796375.0,9505423.0,16618345,19270739
1984,62,6,CO,Colorado,0.5920000000000001,0.5710000000000001,0.557,1343437.0,1295380.0,2267668,2325829
1984,1,7,CT,Connecticut,0.648,0.638,0.603,1490946.0,1466900.0,2300533,2431057
1984,11,8,DE,Delaware,0.584,0.575,0.5589999999999999,258182.0,254572.0,442354,455312
1984,55,9,DC,District of Columbia,0.465,0.44799999999999995,0.418,219193.0,211288.0,471669,505550
1984,82,12,HI,Hawaii,0.503,0.484,0.447,349253.0,335846.0,694187,750909
1984,63,13,ID,Idaho,0.637,0.62,0.608,421935.0,411144.0,662771,675772
1984,21,14,IL,Illinois,0.627,0.608,0.579,4969352.0,4819088.0,7922605,8327065
1984,22,15,IN,Indiana,0.579,0.57,0.564,2268493.0,2233069.0,3916362,3960870
1984,31,16,IA,Iowa,0.6509999999999999,0.6409999999999999,0.633,1339886.0,1319805.0,2057482,2084995
1984,52,21,MD,Maryland,0.545,0.5379999999999999,0.511,1695924.0,1675873.0,3113967,3278321
1984,3,22,MA,Massachusetts,0.607,0.599,0.57,2595054.0,2559453.0,4273437,4486676
1984,23,23,MI,Michigan,0.606,0.593,0.58,3884854.0,3801658.0,6407156,6550877
1984,33,24,MN,Minnesota,0.7090000000000001,0.6990000000000001,0.6859999999999999,2115317.0,2084449.0,2982015,3039490
1984,64,27,MT,Montana,0.682,0.664,0.6579999999999999,395006.0,384377.0,578925,584162
1984,35,28,NE,Nebraska,0.591,0.575,0.5660000000000001,670781.0,652090.0,1135012,1152310
1984,65,29,NV,Nevada,0.44799999999999995,0.436,0.41100000000000003,294413.0,286667.0,656862,697185
1984,4,30,NH,New Hampshire,0.5660000000000001,0.541,0.531,406608.0,388904.0,718967,732480
1984,12,31,NJ,New Jersey,0.605,0.605,0.565,3215941.0,3217862.0,5318696,5699440
1984,66,32,NM,New Mexico,0.546,0.5379999999999999,0.519,522328.0,514370.0,956246,990632
1984,13,33,NY,New York,0.5720000000000001,0.556,0.509,7000828.0,6806810.0,12232120,13373558
1984,36,35,ND,North Dakota,0.672,0.64,0.635,324179.0,308971.0,482655,486449
1984,24,36,OH,Ohio,0.603,0.588,0.58,4664223.0,4547619.0,7732456,7836806
1984,53,37,OK,Oklahoma,0.555,0.54,0.529,1290555.0,1255676.0,2324445,2373014
1984,72,38,OR,Oregon,0.664,0.643,0.625,1265824.0,1226527.0,1906880,1962501
1984,5,40,RI,Rhode Island,0.606,0.588,0.555,422851.0,410492.0,697537,739064
1984,48,41,SC,South Carolina,0.43700000000000006,0.41600000000000004,0.409,1018701.0,968529.0,2329080,2368236
1984,67,45,UT,Utah,0.643,0.63,0.616,641846.0,629656.0,998820,1022083
1984,6,46,VT,Vermont,0.616,0.615,0.605,235140.0,234561.0,381479,387620
1984,73,48,WA,Washington,0.629,0.613,0.586,1931546.0,1883910.0,3072714,3213263
1984,68,51,WY,Wyoming,0.579,0.5579999999999999,0.5489999999999999,196153.0,188968.0,338733,343957
1982,81,2,AK,Alaska,0.649,0.634,0.615,199458.0,194885.0,307558,316787
1982,61,3,AZ,Arizona,0.368,0.36,0.344,742923.0,726364.0,2017098,2112246
1982,71,5,CA,California,0.499,0.48700000000000004,0.42700000000000005,8064314.0,7876698.0,16161555,18448245
1982,62,6,CO,Colorado,0.473,0.435,0.425,1037774.0,956021.0,2196263,2248839
1982,1,7,CT,Connecticut,0.494,0.48100000000000004,0.457,1112428.0,1084156.0,2253328,2369975
1982,11,8,DE,Delaware,0.455,0.444,0.433,195726.0,190960.0,430257,441374
1982,82,12,HI,Hawaii,0.485,0.465,0.431,325459.0,311853.0,671172,724189
1982,63,13,ID,Idaho,0.511,0.502,0.493,332237.0,326522.0,650534,662251
1982,21,14,IL,Illinois,0.488,0.465,0.44299999999999995,3856875.0,3673681.0,7908220,8284606
1982,22,15,IN,Indiana,0.473,0.46799999999999997,0.46299999999999997,1834225.0,1817287.0,3879314,3921907
1982,31,16,IA,Iowa,0.508,0.502,0.496,1050495.0,1038229.0,2068844,2094031
1982,52,21,MD,Maryland,0.392,0.375,0.359,1190011.0,1139149.0,3034834,3174995
1982,3,22,MA,Massachusetts,0.503,0.49,0.469,2103780.0,2050769.0,4184146,4375262
1982,23,23,MI,Michigan,0.493,0.478,0.46799999999999997,3135928.0,3040008.0,6357552,6498711
1982,33,24,MN,Minnesota,0.623,0.613,0.603,1834737.0,1804675.0,2943169,2993256
1982,64,27,MT,Montana,0.5760000000000001,0.564,0.5589999999999999,328082.0,321062.0,569629,574592
1982,35,28,NE,Nebraska,0.496,0.485,0.478,559422.0,547902.0,1128918,1145316
1982,65,29,NV,Nevada,0.391,0.387,0.36700000000000005,242578.0,240394.0,621060,655823
1982,4,30,NH,New Hampshire,0.42100000000000004,0.41200000000000003,0.405,289057.0,282588.0,686264,698424
1982,12,31,NJ,New Jersey,0.43799999999999994,0.42,0.39399999999999996,2286925.0,2193945.0,5224732,5563627
1982,66,32,NM,New Mexico,0.455,0.44299999999999995,0.429,417945.0,407466.0,919311,949133
1982,13,33,NY,New York,0.449,0.434,0.4,5437367.0,5254891.0,12118685,13150573
1982,36,35,ND,North Dakota,0.5720000000000001,0.55,0.546,272876.0,262465.0,476851,480367
1982,24,36,OH,Ohio,0.462,0.441,0.436,3551995.0,3395463.0,7692059,7793022
1982,53,37,OK,Oklahoma,0.391,0.384,0.376,901488.0,883130.0,2302670,2346265
1982,72,38,OR,Oregon,0.561,0.55,0.535,1063913.0,1042009.0,1895706,1946116
1982,5,40,RI,Rhode Island,0.542,0.5,0.474,370928.0,342779.0,684977,723060
1982,48,41,SC,South Carolina,0.304,0.297,0.292,688300.0,671625.0,2260577,2297223
1982,67,45,UT,Utah,0.5579999999999999,0.551,0.539,537207.0,530802.0,962724,984073
1982,6,46,VT,Vermont,0.461,0.45399999999999996,0.446,172084.0,169251.0,372982,379067
1982,73,48,WA,Washington,0.46799999999999997,0.456,0.436,1404831.0,1368476.0,2999997,3138109
1982,68,51,WY,Wyoming,0.5,0.49,0.483,172065.0,168555.0,344218,349060
1980,81,2,AK,Alaska,0.602,0.5870000000000001,0.5710000000000001,162653.0,158445.0,270122,277261
1980,61,3,AZ,Arizona,0.475,0.462,0.444,898183.0,873945.0,1890167,1968947
1980,71,5,CA,California,0.562,0.55,0.489,8775459.0,8587063.0,15610966,17551451
1980,62,6,CO,Colorado,0.591,0.5720000000000001,0.5589999999999999,1225549.0,1184415.0,2071959,2118092
1980,1,7,CT,Connecticut,0.647,0.639,0.61,1423403.0,1406285.0,2201356,2305904
1980,11,8,DE,Delaware,0.568,0.56,0.547,239136.0,235900.0,421344,430879
1980,55,9,DC,District of Columbia,0.379,0.37200000000000005,0.353,178434.0,175237.0,470956,496230
1980,82,12,HI,Hawaii,0.49200000000000005,0.469,0.436,318026.0,303287.0,646583,695906
1980,63,13,ID,Idaho,0.7040000000000001,0.69,0.679,446045.0,437431.0,633624,644004
1980,21,14,IL,Illinois,0.619,0.604,0.578,4868890.0,4749721.0,7868300,8216218
1980,22,15,IN,Indiana,0.5920000000000001,0.583,0.5770000000000001,2275433.0,2242033.0,3846321,3885473
1980,31,16,IA,Iowa,0.635,0.636,0.629,1314258.0,1317661.0,2070935,2093321
1980,52,21,MD,Maryland,0.525,0.52,0.5,1557709.0,1540496.0,2964704,3081409
1980,3,22,MA,Massachusetts,0.624,0.614,0.59,2566807.0,2524298.0,4110721,4281265
1980,23,23,MI,Michigan,0.624,0.613,0.6,3978647.0,3909725.0,6374955,6514790
1980,33,24,MN,Minnesota,0.721,0.7120000000000001,0.7,2079451.0,2051980.0,2882406,2929927
1980,64,27,MT,Montana,0.6709999999999999,0.6559999999999999,0.6509999999999999,371976.0,363952.0,554636,559165
1980,35,28,NE,Nebraska,0.584,0.575,0.5670000000000001,651281.0,640854.0,1115142,1129653
1980,65,29,NV,Nevada,0.519,0.433,0.41100000000000003,297318.0,247885.0,573118,602463
1980,4,30,NH,New Hampshire,0.609,0.581,0.5720000000000001,402415.0,383990.0,660560,671558
1980,12,31,NJ,New Jersey,0.585,0.581,0.5489999999999999,2999879.0,2975684.0,5123773,5420255
1980,66,32,NM,New Mexico,0.532,0.523,0.509,464848.0,456971.0,873515,897946
1980,13,33,NY,New York,0.53,0.517,0.48,6359218.0,6201959.0,12006100,12932357
1980,36,35,ND,North Dakota,0.68,0.652,0.648,314525.0,301545.0,462223,465447
1980,24,36,OH,Ohio,0.573,0.561,0.5539999999999999,4378937.0,4283603.0,7637813,7732705
1980,53,37,OK,Oklahoma,0.542,0.532,0.522,1172303.0,1149708.0,2162051,2201257
1980,72,38,OR,Oregon,0.643,0.628,0.614,1209691.0,1181516.0,1880863,1925651
1980,5,40,RI,Rhode Island,0.627,0.616,0.586,423349.0,416072.0,675067,709692
1980,48,41,SC,South Carolina,0.424,0.41100000000000003,0.40399999999999997,922397.0,894071.0,2176721,2212354
1980,67,45,UT,Utah,0.6659999999999999,0.66,0.6459999999999999,609691.0,604222.0,915484,934767
1980,6,46,VT,Vermont,0.593,0.5870000000000001,0.578,215500.0,213299.0,363143,369147
1980,73,48,WA,Washington,0.606,0.596,0.574,1772904.0,1742394.0,2923670,3037193
1980,56,49,WV,West Virginia,0.535,0.532,0.528,742150.0,737715.0,1387231,1396595
1980,68,51,WY,Wyoming,0.5539999999999999,0.541,0.534,181004.0,176713.0,326644,330784
